track_id,index,start_time_prefix,finish_time_last_activity
173697,1,2011-10-0108:11:07.866000+02:00,2011-10-0108:11:07.866000+02:00
173697,2,2011-10-0108:11:07.866000+02:00,2011-10-0108:11:08.866000+02:00
173697,3,2011-10-0108:11:07.866000+02:00,2011-10-0108:11:09.035000+02:00
173697,4,2011-10-0108:11:07.866000+02:00,2011-10-0108:11:46.420000+02:00
173697,5,2011-10-0108:11:07.866000+02:00,2011-10-0108:11:47.420000+02:00
173700,1,2011-10-0108:15:38.894000+02:00,2011-10-0108:15:38.894000+02:00
173700,2,2011-10-0108:15:38.894000+02:00,2011-10-0108:15:39.894000+02:00
173700,3,2011-10-0108:15:38.894000+02:00,2011-10-0108:15:40.102000+02:00
173700,4,2011-10-0108:15:38.894000+02:00,2011-10-0108:16:21.037000+02:00
173700,5,2011-10-0108:15:38.894000+02:00,2011-10-0108:16:22.037000+02:00
173703,1,2011-10-0109:45:24.806000+02:00,2011-10-0109:45:24.806000+02:00
173703,2,2011-10-0109:45:24.806000+02:00,2011-10-0109:45:25.806000+02:00
173703,3,2011-10-0109:45:24.806000+02:00,2011-10-0109:45:25.981000+02:00
173703,4,2011-10-0109:45:24.806000+02:00,2011-10-0109:46:18.211000+02:00
173703,5,2011-10-0109:45:24.806000+02:00,2011-10-0109:46:18.674000+02:00
173703,6,2011-10-0109:45:24.806000+02:00,2011-10-0111:37:46.748000+02:00
173703,7,2011-10-0109:45:24.806000+02:00,2011-10-0111:40:24.141000+02:00
173703,8,2011-10-0109:45:24.806000+02:00,2011-10-0112:40:26.958000+02:00
173703,9,2011-10-0109:45:24.806000+02:00,2011-10-0113:02:11.068000+02:00
173703,10,2011-10-0109:45:24.806000+02:00,2011-10-0113:02:12.557000+02:00
173703,11,2011-10-0109:45:24.806000+02:00,2011-10-0113:02:13.557000+02:00
173706,1,2011-10-0109:45:36.274000+02:00,2011-10-0109:45:36.274000+02:00
173706,2,2011-10-0109:45:36.274000+02:00,2011-10-0109:45:37.274000+02:00
173706,3,2011-10-0109:45:36.274000+02:00,2011-10-0109:45:37.363000+02:00
173706,4,2011-10-0109:45:36.274000+02:00,2011-10-0109:46:18.623000+02:00
173706,5,2011-10-0109:45:36.274000+02:00,2011-10-0110:15:43.883000+02:00
173706,6,2011-10-0109:45:36.274000+02:00,2011-10-0110:16:48.956000+02:00
173706,7,2011-10-0109:45:36.274000+02:00,2011-10-0110:16:48.991000+02:00
173706,8,2011-10-0109:45:36.274000+02:00,2011-10-0110:16:49.843000+02:00
173706,9,2011-10-0109:45:36.274000+02:00,2011-10-0111:49:28.183000+02:00
173706,10,2011-10-0109:45:36.274000+02:00,2011-10-0111:50:14.483000+02:00
173706,11,2011-10-0109:45:36.274000+02:00,2011-10-0111:50:21.451000+02:00
173706,12,2011-10-0109:45:36.274000+02:00,2011-10-0111:53:55.769000+02:00
173706,13,2011-10-0109:45:36.274000+02:00,2011-10-0114:50:26.172000+02:00
173706,14,2011-10-0109:45:36.274000+02:00,2011-10-0114:59:58.557000+02:00
173706,15,2011-10-0109:45:36.274000+02:00,2011-10-0115:00:02.537000+02:00
173706,16,2011-10-0109:45:36.274000+02:00,2011-10-0115:00:03.537000+02:00
173709,1,2011-10-0109:57:41.994000+02:00,2011-10-0109:57:41.994000+02:00
173709,2,2011-10-0109:57:41.994000+02:00,2011-10-0109:57:42.994000+02:00
173709,3,2011-10-0109:57:41.994000+02:00,2011-10-0109:57:43.182000+02:00
173709,4,2011-10-0109:57:41.994000+02:00,2011-10-0109:58:27.038000+02:00
173709,5,2011-10-0109:57:41.994000+02:00,2011-10-0109:58:27.403000+02:00
173709,6,2011-10-0109:57:41.994000+02:00,2011-10-0110:26:42.203000+02:00
173709,7,2011-10-0109:57:41.994000+02:00,2011-10-0110:27:07.853000+02:00
173709,8,2011-10-0109:57:41.994000+02:00,2011-10-0111:40:40.141000+02:00
173709,9,2011-10-0109:57:41.994000+02:00,2011-10-0111:43:02.623000+02:00
173709,10,2011-10-0109:57:41.994000+02:00,2011-10-1017:42:24.738000+02:00
173709,11,2011-10-0109:57:41.994000+02:00,2011-10-1017:43:13.290000+02:00
173709,12,2011-10-0109:57:41.994000+02:00,2011-11-0109:15:08.331000+01:00
173709,13,2011-10-0109:57:41.994000+02:00,2011-11-0109:15:08.387000+01:00
173709,14,2011-10-0109:57:41.994000+02:00,2011-11-0109:15:09.387000+01:00
173712,1,2011-10-0109:58:29.533000+02:00,2011-10-0109:58:29.533000+02:00
173712,2,2011-10-0109:58:29.533000+02:00,2011-10-0109:58:30.533000+02:00
173712,3,2011-10-0109:58:29.533000+02:00,2011-10-0109:58:30.678000+02:00
173712,4,2011-10-0109:58:29.533000+02:00,2011-10-0109:58:44.046000+02:00
173712,5,2011-10-0109:58:29.533000+02:00,2011-10-0110:08:36.700000+02:00
173712,6,2011-10-0109:58:29.533000+02:00,2011-10-0110:10:24.737000+02:00
173712,7,2011-10-0109:58:29.533000+02:00,2011-10-0110:10:24.780000+02:00
173712,8,2011-10-0109:58:29.533000+02:00,2011-10-0110:10:25.759000+02:00
173712,9,2011-10-0109:58:29.533000+02:00,2011-10-0112:59:13.844000+02:00
173712,10,2011-10-0109:58:29.533000+02:00,2011-10-0113:03:35.216000+02:00
173712,11,2011-10-0109:58:29.533000+02:00,2011-10-0311:16:05.035000+02:00
173712,12,2011-10-0109:58:29.533000+02:00,2011-10-0311:17:29.105000+02:00
173712,13,2011-10-0109:58:29.533000+02:00,2011-10-0314:39:34.962000+02:00
173712,14,2011-10-0109:58:29.533000+02:00,2011-10-0314:42:53.820000+02:00
173712,15,2011-10-0109:58:29.533000+02:00,2011-10-0314:42:55.584000+02:00
173712,16,2011-10-0109:58:29.533000+02:00,2011-10-0314:42:56.584000+02:00
173715,1,2011-10-0109:59:09.501000+02:00,2011-10-0109:59:09.501000+02:00
173715,2,2011-10-0109:59:09.501000+02:00,2011-10-0109:59:10.501000+02:00
173715,3,2011-10-0109:59:09.501000+02:00,2011-10-0109:59:10.789000+02:00
173715,4,2011-10-0109:59:09.501000+02:00,2011-10-0109:59:42.704000+02:00
173715,5,2011-10-0109:59:09.501000+02:00,2011-10-0109:59:43.080000+02:00
173715,6,2011-10-0109:59:09.501000+02:00,2011-10-0111:44:00.187000+02:00
173715,7,2011-10-0109:59:09.501000+02:00,2011-10-0111:46:06.342000+02:00
173715,8,2011-10-0109:59:09.501000+02:00,2011-10-0112:18:51.701000+02:00
173715,9,2011-10-0109:59:09.501000+02:00,2011-10-0112:24:32.787000+02:00
173715,10,2011-10-0109:59:09.501000+02:00,2011-10-0112:30:20.556000+02:00
173715,11,2011-10-0109:59:09.501000+02:00,2011-10-0112:30:20.556000+02:00
173715,12,2011-10-0109:59:09.501000+02:00,2011-10-0112:30:21.780000+02:00
173715,13,2011-10-0109:59:09.501000+02:00,2011-10-0112:30:21.806000+02:00
173715,14,2011-10-0109:59:09.501000+02:00,2011-10-0112:30:21.896000+02:00
173715,15,2011-10-0109:59:09.501000+02:00,2011-10-0112:30:24.155000+02:00
173715,16,2011-10-0109:59:09.501000+02:00,2011-10-0816:35:18.821000+02:00
173715,17,2011-10-0109:59:09.501000+02:00,2011-10-0816:38:17.372000+02:00
173715,18,2011-10-0109:59:09.501000+02:00,2011-10-1012:53:54.726000+02:00
173715,19,2011-10-0109:59:09.501000+02:00,2011-10-1012:54:03.401000+02:00
173715,20,2011-10-0109:59:09.501000+02:00,2011-10-1012:54:03.698000+02:00
173715,21,2011-10-0109:59:09.501000+02:00,2011-10-1012:54:04.785000+02:00
173715,22,2011-10-0109:59:09.501000+02:00,2011-10-1311:00:48.597000+02:00
173715,23,2011-10-0109:59:09.501000+02:00,2011-10-1311:05:24.620000+02:00
173715,24,2011-10-0109:59:09.501000+02:00,2011-10-1311:05:24.620000+02:00
173715,25,2011-10-0109:59:09.501000+02:00,2011-10-1311:05:28.082000+02:00
173715,26,2011-10-0109:59:09.501000+02:00,2011-10-1311:05:29.082000+02:00
173718,1,2011-10-0110:37:38.363000+02:00,2011-10-0110:37:38.363000+02:00
173718,2,2011-10-0110:37:38.363000+02:00,2011-10-0110:37:39.363000+02:00
173718,3,2011-10-0110:37:38.363000+02:00,2011-10-0110:37:39.657000+02:00
173718,4,2011-10-0110:37:38.363000+02:00,2011-10-0110:38:20.967000+02:00
173718,5,2011-10-0110:37:38.363000+02:00,2011-10-0110:38:21.403000+02:00
173718,6,2011-10-0110:37:38.363000+02:00,2011-10-0110:38:48.454000+02:00
173718,7,2011-10-0110:37:38.363000+02:00,2011-10-0110:42:21.977000+02:00
173718,8,2011-10-0110:37:38.363000+02:00,2011-10-0110:44:40.725000+02:00
173718,9,2011-10-0110:37:38.363000+02:00,2011-10-0110:44:40.725000+02:00
173718,10,2011-10-0110:37:38.363000+02:00,2011-10-0110:44:42.707000+02:00
173718,11,2011-10-0110:37:38.363000+02:00,2011-10-0110:44:42.734000+02:00
173718,12,2011-10-0110:37:38.363000+02:00,2011-10-0110:44:42.811000+02:00
173718,13,2011-10-0110:37:38.363000+02:00,2011-10-0110:44:43.954000+02:00
173718,14,2011-10-0110:37:38.363000+02:00,2011-10-0110:44:54.041000+02:00
173718,15,2011-10-0110:37:38.363000+02:00,2011-10-0110:44:58.974000+02:00
173718,16,2011-10-0110:37:38.363000+02:00,2011-10-0110:45:27.286000+02:00
173718,17,2011-10-0110:37:38.363000+02:00,2011-10-0110:46:52.915000+02:00
173718,18,2011-10-0110:37:38.363000+02:00,2011-10-0110:46:52.915000+02:00
173718,19,2011-10-0110:37:38.363000+02:00,2011-10-0110:46:54.210000+02:00
173718,20,2011-10-0110:37:38.363000+02:00,2011-10-0110:46:54.233000+02:00
173718,21,2011-10-0110:37:38.363000+02:00,2011-10-0110:46:54.333000+02:00
173718,22,2011-10-0110:37:38.363000+02:00,2011-10-0110:46:56.631000+02:00
173718,23,2011-10-0110:37:38.363000+02:00,2011-10-0110:47:14.211000+02:00
173718,24,2011-10-0110:37:38.363000+02:00,2011-10-0110:50:20.533000+02:00
173718,25,2011-10-0110:37:38.363000+02:00,2011-10-0110:50:29.475000+02:00
173718,26,2011-10-0110:37:38.363000+02:00,2011-10-0110:50:34.704000+02:00
173718,27,2011-10-0110:37:38.363000+02:00,2011-10-0816:29:16.320000+02:00
173718,28,2011-10-0110:37:38.363000+02:00,2011-10-0816:31:37.972000+02:00
173718,29,2011-10-0110:37:38.363000+02:00,2011-10-1010:54:21.749000+02:00
173718,30,2011-10-0110:37:38.363000+02:00,2011-10-1010:55:04.984000+02:00
173718,31,2011-10-0110:37:38.363000+02:00,2011-10-1010:55:05.278000+02:00
173718,32,2011-10-0110:37:38.363000+02:00,2011-10-1010:55:07.452000+02:00
173718,33,2011-10-0110:37:38.363000+02:00,2011-10-1312:09:25.043000+02:00
173718,34,2011-10-0110:37:38.363000+02:00,2011-10-1312:36:10.837000+02:00
173718,35,2011-10-0110:37:38.363000+02:00,2011-10-1312:36:12.529000+02:00
173718,36,2011-10-0110:37:38.363000+02:00,2011-10-1313:01:57.802000+02:00
173718,37,2011-10-0110:37:38.363000+02:00,2011-10-1313:05:42.290000+02:00
173718,38,2011-10-0110:37:38.363000+02:00,2011-10-1313:52:13.304000+02:00
173718,39,2011-10-0110:37:38.363000+02:00,2011-10-1313:53:16.314000+02:00
173718,40,2011-10-0110:37:38.363000+02:00,2011-10-1316:51:40.072000+02:00
173718,41,2011-10-0110:37:38.363000+02:00,2011-10-1317:12:01.909000+02:00
173718,42,2011-10-0110:37:38.363000+02:00,2011-10-1317:12:16.147000+02:00
173718,43,2011-10-0110:37:38.363000+02:00,2011-10-1317:14:13.926000+02:00
173718,44,2011-10-0110:37:38.363000+02:00,2011-10-1317:14:15.943000+02:00
173718,45,2011-10-0110:37:38.363000+02:00,2011-10-1317:14:26.112000+02:00
173718,46,2011-10-0110:37:38.363000+02:00,2011-10-1515:13:04.199000+02:00
173718,47,2011-10-0110:37:38.363000+02:00,2011-10-1515:17:31.488000+02:00
173718,48,2011-10-0110:37:38.363000+02:00,2011-10-1516:56:05.635000+02:00
173718,49,2011-10-0110:37:38.363000+02:00,2011-10-1516:56:14.624000+02:00
173718,50,2011-10-0110:37:38.363000+02:00,2011-10-1713:31:52.506000+02:00
173718,51,2011-10-0110:37:38.363000+02:00,2011-10-1713:32:51.911000+02:00
173718,52,2011-10-0110:37:38.363000+02:00,2011-10-1714:28:20.987000+02:00
173718,53,2011-10-0110:37:38.363000+02:00,2011-10-1714:28:36.881000+02:00
173718,54,2011-10-0110:37:38.363000+02:00,2011-10-1816:14:48.278000+02:00
173718,55,2011-10-0110:37:38.363000+02:00,2011-10-1816:46:24.246000+02:00
173718,56,2011-10-0110:37:38.363000+02:00,2011-10-1817:23:36.468000+02:00
173718,57,2011-10-0110:37:38.363000+02:00,2011-10-1817:46:32.956000+02:00
173718,58,2011-10-0110:37:38.363000+02:00,2011-10-1817:46:34.802000+02:00
173718,59,2011-10-0110:37:38.363000+02:00,2011-10-1908:40:06.443000+02:00
173718,60,2011-10-0110:37:38.363000+02:00,2011-10-1908:53:19.103000+02:00
173718,61,2011-10-0110:37:38.363000+02:00,2011-10-1908:53:21.372000+02:00
173718,62,2011-10-0110:37:38.363000+02:00,2011-10-1909:04:40.593000+02:00
173718,63,2011-10-0110:37:38.363000+02:00,2011-10-1909:17:01.695000+02:00
173718,64,2011-10-0110:37:38.363000+02:00,2011-10-1909:17:06.228000+02:00
173718,65,2011-10-0110:37:38.363000+02:00,2011-10-1909:24:19.095000+02:00
173718,66,2011-10-0110:37:38.363000+02:00,2011-10-2009:30:20.104000+02:00
173718,67,2011-10-0110:37:38.363000+02:00,2011-10-2009:30:32.963000+02:00
173718,68,2011-10-0110:37:38.363000+02:00,2011-10-2415:18:56.928000+02:00
173718,69,2011-10-0110:37:38.363000+02:00,2011-10-2415:24:55.532000+02:00
173718,70,2011-10-0110:37:38.363000+02:00,2011-10-2608:11:48.012000+02:00
173718,71,2011-10-0110:37:38.363000+02:00,2011-10-2608:12:36.217000+02:00
173718,72,2011-10-0110:37:38.363000+02:00,2011-10-2608:12:38.415000+02:00
173718,73,2011-10-0110:37:38.363000+02:00,2011-10-2709:02:10.475000+02:00
173718,74,2011-10-0110:37:38.363000+02:00,2011-10-2709:17:53.327000+02:00
173718,75,2011-10-0110:37:38.363000+02:00,2011-10-2709:17:53.327000+02:00
173718,76,2011-10-0110:37:38.363000+02:00,2011-10-2709:17:53.328000+02:00
173718,77,2011-10-0110:37:38.363000+02:00,2011-10-2709:17:53.328000+02:00
173718,78,2011-10-0110:37:38.363000+02:00,2011-10-2709:18:01.790000+02:00
173718,79,2011-10-0110:37:38.363000+02:00,2011-10-2709:18:02.790000+02:00
173721,1,2011-10-0111:07:33.279000+02:00,2011-10-0111:07:33.279000+02:00
173721,2,2011-10-0111:07:33.279000+02:00,2011-10-0111:07:34.279000+02:00
173721,3,2011-10-0111:07:33.279000+02:00,2011-10-0111:07:34.928000+02:00
173721,4,2011-10-0111:07:33.279000+02:00,2011-10-0111:08:17.093000+02:00
173721,5,2011-10-0111:07:33.279000+02:00,2011-10-0111:08:17.494000+02:00
173721,6,2011-10-0111:07:33.279000+02:00,2011-10-0111:09:08.607000+02:00
173721,7,2011-10-0111:07:33.279000+02:00,2011-10-0111:18:36.318000+02:00
173721,8,2011-10-0111:07:33.279000+02:00,2011-10-0111:20:47.605000+02:00
173721,9,2011-10-0111:07:33.279000+02:00,2011-10-0111:20:47.605000+02:00
173721,10,2011-10-0111:07:33.279000+02:00,2011-10-0111:20:49.026000+02:00
173721,11,2011-10-0111:07:33.279000+02:00,2011-10-0111:20:49.058000+02:00
173721,12,2011-10-0111:07:33.279000+02:00,2011-10-0111:20:49.150000+02:00
173721,13,2011-10-0111:07:33.279000+02:00,2011-10-0111:20:50.335000+02:00
173721,14,2011-10-0111:07:33.279000+02:00,2011-10-0111:21:20.844000+02:00
173721,15,2011-10-0111:07:33.279000+02:00,2011-10-0111:22:52.458000+02:00
173721,16,2011-10-0111:07:33.279000+02:00,2011-10-0111:26:32.199000+02:00
173721,17,2011-10-0111:07:33.279000+02:00,2011-10-0111:32:54.371000+02:00
173721,18,2011-10-0111:07:33.279000+02:00,2011-10-0414:44:10.559000+02:00
173721,19,2011-10-0111:07:33.279000+02:00,2011-10-0414:47:39.633000+02:00
173721,20,2011-10-0111:07:33.279000+02:00,2011-10-0609:49:01.348000+02:00
173721,21,2011-10-0111:07:33.279000+02:00,2011-10-0609:49:46.110000+02:00
173721,22,2011-10-0111:07:33.279000+02:00,2011-10-0609:49:46.253000+02:00
173721,23,2011-10-0111:07:33.279000+02:00,2011-10-0609:49:47.774000+02:00
173721,24,2011-10-0111:07:33.279000+02:00,2011-10-1009:32:46.394000+02:00
173721,25,2011-10-0111:07:33.279000+02:00,2011-10-1010:06:07.755000+02:00
173721,26,2011-10-0111:07:33.279000+02:00,2011-10-1010:06:09.471000+02:00
173721,27,2011-10-0111:07:33.279000+02:00,2011-10-1010:17:26.457000+02:00
173721,28,2011-10-0111:07:33.279000+02:00,2011-10-1010:20:04.927000+02:00
173721,29,2011-10-0111:07:33.279000+02:00,2011-10-1011:40:34.365000+02:00
173721,30,2011-10-0111:07:33.279000+02:00,2011-10-1011:42:32.977000+02:00
173721,31,2011-10-0111:07:33.279000+02:00,2011-10-1014:15:47.451000+02:00
173721,32,2011-10-0111:07:33.279000+02:00,2011-10-1014:22:14.231000+02:00
173721,33,2011-10-0111:07:33.279000+02:00,2011-10-1016:22:05.322000+02:00
173721,34,2011-10-0111:07:33.279000+02:00,2011-10-1016:28:25.531000+02:00
173721,35,2011-10-0111:07:33.279000+02:00,2011-10-1016:28:25.531000+02:00
173721,36,2011-10-0111:07:33.279000+02:00,2011-10-1016:28:29.918000+02:00
173721,37,2011-10-0111:07:33.279000+02:00,2011-10-1016:28:30.918000+02:00
173724,1,2011-10-0111:52:13.305000+02:00,2011-10-0111:52:13.305000+02:00
173724,2,2011-10-0111:52:13.305000+02:00,2011-10-0111:52:14.305000+02:00
173724,3,2011-10-0111:52:13.305000+02:00,2011-10-0111:52:14.576000+02:00
173724,4,2011-10-0111:52:13.305000+02:00,2011-10-0111:53:00.740000+02:00
173724,5,2011-10-0111:52:13.305000+02:00,2011-10-0112:04:34.265000+02:00
173724,6,2011-10-0111:52:13.305000+02:00,2011-10-0112:12:27.600000+02:00
173724,7,2011-10-0111:52:13.305000+02:00,2011-10-0112:19:56.702000+02:00
173724,8,2011-10-0111:52:13.305000+02:00,2011-10-0112:20:54.061000+02:00
173724,9,2011-10-0111:52:13.305000+02:00,2011-10-0112:20:54.150000+02:00
173724,10,2011-10-0111:52:13.305000+02:00,2011-10-0112:20:55.527000+02:00
173724,11,2011-10-0111:52:13.305000+02:00,2011-10-0113:24:12.098000+02:00
173724,12,2011-10-0111:52:13.305000+02:00,2011-10-0113:27:08.763000+02:00
173724,13,2011-10-0111:52:13.305000+02:00,2011-10-0114:01:52.452000+02:00
173724,14,2011-10-0111:52:13.305000+02:00,2011-10-0114:02:01.804000+02:00
173724,15,2011-10-0111:52:13.305000+02:00,2011-10-0115:12:31.862000+02:00
173724,16,2011-10-0111:52:13.305000+02:00,2011-10-0115:15:17.707000+02:00
173724,17,2011-10-0111:52:13.305000+02:00,2011-10-0311:31:38.846000+02:00
173724,18,2011-10-0111:52:13.305000+02:00,2011-10-0311:33:42.129000+02:00
173724,19,2011-10-0111:52:13.305000+02:00,2011-10-0315:37:41.290000+02:00
173724,20,2011-10-0111:52:13.305000+02:00,2011-10-0315:48:17.469000+02:00
173724,21,2011-10-0111:52:13.305000+02:00,2011-10-0315:48:20.505000+02:00
173724,22,2011-10-0111:52:13.305000+02:00,2011-10-0315:48:21.505000+02:00
173727,1,2011-10-0112:08:45.663000+02:00,2011-10-0112:08:45.663000+02:00
173727,2,2011-10-0112:08:45.663000+02:00,2011-10-0112:08:46.663000+02:00
173727,3,2011-10-0112:08:45.663000+02:00,2011-10-0112:08:46.803000+02:00
173727,4,2011-10-0112:08:45.663000+02:00,2011-10-0112:09:30.362000+02:00
173727,5,2011-10-0112:08:45.663000+02:00,2011-10-0112:09:31.362000+02:00
173730,1,2011-10-0112:36:07.943000+02:00,2011-10-0112:36:07.943000+02:00
173730,2,2011-10-0112:36:07.943000+02:00,2011-10-0112:36:08.943000+02:00
173730,3,2011-10-0112:36:07.943000+02:00,2011-10-0112:36:09.207000+02:00
173730,4,2011-10-0112:36:07.943000+02:00,2011-10-0112:36:59.265000+02:00
173730,5,2011-10-0112:36:07.943000+02:00,2011-10-0112:36:59.652000+02:00
173730,6,2011-10-0112:36:07.943000+02:00,2011-10-0113:52:49.258000+02:00
173730,7,2011-10-0112:36:07.943000+02:00,2011-10-0113:55:31.990000+02:00
173730,8,2011-10-0112:36:07.943000+02:00,2011-10-0115:14:58.530000+02:00
173730,9,2011-10-0112:36:07.943000+02:00,2011-10-0115:15:12.440000+02:00
173730,10,2011-10-0112:36:07.943000+02:00,2011-10-0115:15:21.163000+02:00
173730,11,2011-10-0112:36:07.943000+02:00,2011-10-0115:31:19.388000+02:00
173730,12,2011-10-0112:36:07.943000+02:00,2011-10-0115:31:39.115000+02:00
173730,13,2011-10-0112:36:07.943000+02:00,2011-10-0115:36:06.372000+02:00
173730,14,2011-10-0112:36:07.943000+02:00,2011-10-0115:40:08.254000+02:00
173730,15,2011-10-0112:36:07.943000+02:00,2011-10-0115:40:08.255000+02:00
173730,16,2011-10-0112:36:07.943000+02:00,2011-10-0115:40:09.986000+02:00
173730,17,2011-10-0112:36:07.943000+02:00,2011-10-0115:40:10.012000+02:00
173730,18,2011-10-0112:36:07.943000+02:00,2011-10-0115:40:10.083000+02:00
173730,19,2011-10-0112:36:07.943000+02:00,2011-10-0115:40:12.281000+02:00
173730,20,2011-10-0112:36:07.943000+02:00,2011-10-0115:43:00.152000+02:00
173730,21,2011-10-0112:36:07.943000+02:00,2011-10-0115:48:39.764000+02:00
173730,22,2011-10-0112:36:07.943000+02:00,2011-10-0816:16:59.088000+02:00
173730,23,2011-10-0112:36:07.943000+02:00,2011-10-0816:20:20.579000+02:00
173730,24,2011-10-0112:36:07.943000+02:00,2011-10-1020:47:16.049000+02:00
173730,25,2011-10-0112:36:07.943000+02:00,2011-10-1020:49:26.790000+02:00
173730,26,2011-10-0112:36:07.943000+02:00,2011-10-1110:46:18.902000+02:00
173730,27,2011-10-0112:36:07.943000+02:00,2011-10-1110:47:04.332000+02:00
173730,28,2011-10-0112:36:07.943000+02:00,2011-10-1119:54:03.544000+02:00
173730,29,2011-10-0112:36:07.943000+02:00,2011-10-1119:55:07.690000+02:00
173730,30,2011-10-0112:36:07.943000+02:00,2011-10-1215:36:27.719000+02:00
173730,31,2011-10-0112:36:07.943000+02:00,2011-10-1215:37:20.679000+02:00
173730,32,2011-10-0112:36:07.943000+02:00,2011-10-1318:34:47.253000+02:00
173730,33,2011-10-0112:36:07.943000+02:00,2011-10-1318:35:43.994000+02:00
173730,34,2011-10-0112:36:07.943000+02:00,2011-10-1410:20:21.189000+02:00
173730,35,2011-10-0112:36:07.943000+02:00,2011-10-1410:21:08.195000+02:00
173730,36,2011-10-0112:36:07.943000+02:00,2011-10-1410:21:08.488000+02:00
173730,37,2011-10-0112:36:07.943000+02:00,2011-10-1410:21:10.086000+02:00
173730,38,2011-10-0112:36:07.943000+02:00,2011-10-1912:25:18.775000+02:00
173730,39,2011-10-0112:36:07.943000+02:00,2011-10-1913:20:03.327000+02:00
173730,40,2011-10-0112:36:07.943000+02:00,2011-10-1913:20:05.181000+02:00
173730,41,2011-10-0112:36:07.943000+02:00,2011-10-1913:23:54.742000+02:00
173730,42,2011-10-0112:36:07.943000+02:00,2011-10-1913:32:57.273000+02:00
173730,43,2011-10-0112:36:07.943000+02:00,2011-10-1913:34:34.009000+02:00
173730,44,2011-10-0112:36:07.943000+02:00,2011-10-1913:36:44.465000+02:00
173730,45,2011-10-0112:36:07.943000+02:00,2011-10-1918:55:05.396000+02:00
173730,46,2011-10-0112:36:07.943000+02:00,2011-10-1919:11:47.711000+02:00
173730,47,2011-10-0112:36:07.943000+02:00,2011-10-2008:10:10.268000+02:00
173730,48,2011-10-0112:36:07.943000+02:00,2011-10-2008:10:34.048000+02:00
173730,49,2011-10-0112:36:07.943000+02:00,2011-10-2008:10:36.080000+02:00
173730,50,2011-10-0112:36:07.943000+02:00,2011-10-2009:37:43.040000+02:00
173730,51,2011-10-0112:36:07.943000+02:00,2011-10-2010:08:54.418000+02:00
173730,52,2011-10-0112:36:07.943000+02:00,2011-10-2010:08:56.355000+02:00
173730,53,2011-10-0112:36:07.943000+02:00,2011-10-2010:18:21.411000+02:00
173730,54,2011-10-0112:36:07.943000+02:00,2011-10-2010:27:48.591000+02:00
173730,55,2011-10-0112:36:07.943000+02:00,2011-10-2010:43:25.263000+02:00
173730,56,2011-10-0112:36:07.943000+02:00,2011-10-2010:45:04.247000+02:00
173730,57,2011-10-0112:36:07.943000+02:00,2011-10-2010:45:06.646000+02:00
173730,58,2011-10-0112:36:07.943000+02:00,2011-10-2011:55:35.390000+02:00
173730,59,2011-10-0112:36:07.943000+02:00,2011-10-2012:00:44.987000+02:00
173730,60,2011-10-0112:36:07.943000+02:00,2011-10-2012:00:47.010000+02:00
173730,61,2011-10-0112:36:07.943000+02:00,2011-10-2012:19:37.251000+02:00
173730,62,2011-10-0112:36:07.943000+02:00,2011-10-2012:32:33.048000+02:00
173730,63,2011-10-0112:36:07.943000+02:00,2011-10-2013:51:25.207000+02:00
173730,64,2011-10-0112:36:07.943000+02:00,2011-10-2013:52:22.540000+02:00
173730,65,2011-10-0112:36:07.943000+02:00,2011-10-2016:25:05.793000+02:00
173730,66,2011-10-0112:36:07.943000+02:00,2011-10-2016:25:39.915000+02:00
173730,67,2011-10-0112:36:07.943000+02:00,2011-10-2016:25:42.079000+02:00
173730,68,2011-10-0112:36:07.943000+02:00,2011-10-2016:55:11.416000+02:00
173730,69,2011-10-0112:36:07.943000+02:00,2011-10-2106:15:05.392000+02:00
173730,70,2011-10-0112:36:07.943000+02:00,2011-10-2109:01:28.362000+02:00
173730,71,2011-10-0112:36:07.943000+02:00,2011-10-2109:05:10.854000+02:00
173730,72,2011-10-0112:36:07.943000+02:00,2011-10-2109:06:55.307000+02:00
173730,73,2011-10-0112:36:07.943000+02:00,2011-10-2109:08:14.250000+02:00
173730,74,2011-10-0112:36:07.943000+02:00,2011-10-2109:08:14.251000+02:00
173730,75,2011-10-0112:36:07.943000+02:00,2011-10-2109:08:14.251000+02:00
173730,76,2011-10-0112:36:07.943000+02:00,2011-10-2109:08:14.251000+02:00
173730,77,2011-10-0112:36:07.943000+02:00,2011-10-2109:08:21.511000+02:00
173730,78,2011-10-0112:36:07.943000+02:00,2011-10-2109:08:22.511000+02:00
173733,1,2011-10-0112:39:33.037000+02:00,2011-10-0112:39:33.037000+02:00
173733,2,2011-10-0112:39:33.037000+02:00,2011-10-0112:39:34.037000+02:00
173733,3,2011-10-0112:39:33.037000+02:00,2011-10-0112:39:34.130000+02:00
173733,4,2011-10-0112:39:33.037000+02:00,2011-10-0112:40:14.782000+02:00
173733,5,2011-10-0112:39:33.037000+02:00,2011-10-0114:54:11.886000+02:00
173733,6,2011-10-0112:39:33.037000+02:00,2011-10-0114:54:53.037000+02:00
173733,7,2011-10-0112:39:33.037000+02:00,2011-10-0114:54:56.346000+02:00
173733,8,2011-10-0112:39:33.037000+02:00,2011-10-0114:54:57.346000+02:00
173736,1,2011-10-0113:01:57.813000+02:00,2011-10-0113:01:57.813000+02:00
173736,2,2011-10-0113:01:57.813000+02:00,2011-10-0113:01:58.813000+02:00
173736,3,2011-10-0113:01:57.813000+02:00,2011-10-0113:01:59.052000+02:00
173736,4,2011-10-0113:01:57.813000+02:00,2011-10-0113:02:44.257000+02:00
173736,5,2011-10-0113:01:57.813000+02:00,2011-10-0113:02:44.607000+02:00
173736,6,2011-10-0113:01:57.813000+02:00,2011-10-0115:25:56.976000+02:00
173736,7,2011-10-0113:01:57.813000+02:00,2011-10-0115:40:09.622000+02:00
173736,8,2011-10-0113:01:57.813000+02:00,2011-10-0115:49:16.131000+02:00
173736,9,2011-10-0113:01:57.813000+02:00,2011-10-0115:55:45.029000+02:00
173736,10,2011-10-0113:01:57.813000+02:00,2011-10-0115:56:00.621000+02:00
173736,11,2011-10-0113:01:57.813000+02:00,2011-10-0116:00:15.975000+02:00
173736,12,2011-10-0113:01:57.813000+02:00,2011-10-0116:05:26.312000+02:00
173736,13,2011-10-0113:01:57.813000+02:00,2011-10-0116:05:26.312000+02:00
173736,14,2011-10-0113:01:57.813000+02:00,2011-10-0116:05:27.699000+02:00
173736,15,2011-10-0113:01:57.813000+02:00,2011-10-0116:05:27.739000+02:00
173736,16,2011-10-0113:01:57.813000+02:00,2011-10-0116:05:27.836000+02:00
173736,17,2011-10-0113:01:57.813000+02:00,2011-10-0116:05:28.909000+02:00
173736,18,2011-10-0113:01:57.813000+02:00,2011-10-0412:56:41.233000+02:00
173736,19,2011-10-0113:01:57.813000+02:00,2011-10-0412:59:20.034000+02:00
173736,20,2011-10-0113:01:57.813000+02:00,2011-10-0412:59:20.034000+02:00
173736,21,2011-10-0113:01:57.813000+02:00,2011-10-0412:59:21.264000+02:00
173736,22,2011-10-0113:01:57.813000+02:00,2011-10-0412:59:21.304000+02:00
173736,23,2011-10-0113:01:57.813000+02:00,2011-10-0412:59:21.526000+02:00
173736,24,2011-10-0113:01:57.813000+02:00,2011-10-0412:59:22.813000+02:00
173736,25,2011-10-0113:01:57.813000+02:00,2011-10-1013:33:49.257000+02:00
173736,26,2011-10-0113:01:57.813000+02:00,2011-10-1013:33:58.634000+02:00
173736,27,2011-10-0113:01:57.813000+02:00,2011-10-1013:33:58.924000+02:00
173736,28,2011-10-0113:01:57.813000+02:00,2011-10-1013:34:00.234000+02:00
173736,29,2011-10-0113:01:57.813000+02:00,2011-10-1310:30:56.461000+02:00
173736,30,2011-10-0113:01:57.813000+02:00,2011-10-1310:49:07.595000+02:00
173736,31,2011-10-0113:01:57.813000+02:00,2011-10-1310:49:09.254000+02:00
173736,32,2011-10-0113:01:57.813000+02:00,2011-10-1310:58:34.168000+02:00
173736,33,2011-10-0113:01:57.813000+02:00,2011-10-1311:03:37.264000+02:00
173736,34,2011-10-0113:01:57.813000+02:00,2011-10-1311:04:05.366000+02:00
173736,35,2011-10-0113:01:57.813000+02:00,2011-10-1311:06:33.365000+02:00
173736,36,2011-10-0113:01:57.813000+02:00,2011-10-1311:06:53.079000+02:00
173736,37,2011-10-0113:01:57.813000+02:00,2011-10-1311:08:21.054000+02:00
173736,38,2011-10-0113:01:57.813000+02:00,2011-10-1311:27:32.444000+02:00
173736,39,2011-10-0113:01:57.813000+02:00,2011-10-1311:36:52.601000+02:00
173736,40,2011-10-0113:01:57.813000+02:00,2011-10-1311:36:52.601000+02:00
173736,41,2011-10-0113:01:57.813000+02:00,2011-10-1311:36:53.652000+02:00
173736,42,2011-10-0113:01:57.813000+02:00,2011-10-1311:36:53.686000+02:00
173736,43,2011-10-0113:01:57.813000+02:00,2011-10-1311:36:53.848000+02:00
173736,44,2011-10-0113:01:57.813000+02:00,2011-10-1311:36:55.756000+02:00
173736,45,2011-10-0113:01:57.813000+02:00,2011-10-1312:14:36.806000+02:00
173736,46,2011-10-0113:01:57.813000+02:00,2011-10-1312:16:30.523000+02:00
173736,47,2011-10-0113:01:57.813000+02:00,2011-10-1810:20:13.083000+02:00
173736,48,2011-10-0113:01:57.813000+02:00,2011-10-1810:20:36.413000+02:00
173736,49,2011-10-0113:01:57.813000+02:00,2011-10-1810:20:36.613000+02:00
173736,50,2011-10-0113:01:57.813000+02:00,2011-10-1810:20:38.657000+02:00
173736,51,2011-10-0113:01:57.813000+02:00,2011-10-1811:50:29.643000+02:00
173736,52,2011-10-0113:01:57.813000+02:00,2011-10-1812:01:28.757000+02:00
173736,53,2011-10-0113:01:57.813000+02:00,2011-10-1812:01:28.757000+02:00
173736,54,2011-10-0113:01:57.813000+02:00,2011-10-1812:01:28.758000+02:00
173736,55,2011-10-0113:01:57.813000+02:00,2011-10-1812:01:28.758000+02:00
173736,56,2011-10-0113:01:57.813000+02:00,2011-10-1812:01:37.810000+02:00
173736,57,2011-10-0113:01:57.813000+02:00,2011-10-1812:01:38.810000+02:00
173739,1,2011-10-0113:12:57.663000+02:00,2011-10-0113:12:57.663000+02:00
173739,2,2011-10-0113:12:57.663000+02:00,2011-10-0113:12:58.663000+02:00
173739,3,2011-10-0113:12:57.663000+02:00,2011-10-0113:12:58.865000+02:00
173739,4,2011-10-0113:12:57.663000+02:00,2011-10-0113:13:42.121000+02:00
173739,5,2011-10-0113:12:57.663000+02:00,2011-10-0113:13:42.463000+02:00
173739,6,2011-10-0113:12:57.663000+02:00,2011-10-0115:26:10.309000+02:00
173739,7,2011-10-0113:12:57.663000+02:00,2011-10-0115:27:27.909000+02:00
173739,8,2011-10-0113:12:57.663000+02:00,2011-10-0115:39:44.061000+02:00
173739,9,2011-10-0113:12:57.663000+02:00,2011-10-0115:42:01.062000+02:00
173739,10,2011-10-0113:12:57.663000+02:00,2011-10-0115:44:57.589000+02:00
173739,11,2011-10-0113:12:57.663000+02:00,2011-10-0115:54:11.638000+02:00
173739,12,2011-10-0113:12:57.663000+02:00,2011-10-0115:56:39.615000+02:00
173739,13,2011-10-0113:12:57.663000+02:00,2011-10-0115:56:39.615000+02:00
173739,14,2011-10-0113:12:57.663000+02:00,2011-10-0115:56:40.771000+02:00
173739,15,2011-10-0113:12:57.663000+02:00,2011-10-0115:56:40.801000+02:00
173739,16,2011-10-0113:12:57.663000+02:00,2011-10-0115:56:40.888000+02:00
173739,17,2011-10-0113:12:57.663000+02:00,2011-10-0115:56:43.006000+02:00
173739,18,2011-10-0113:12:57.663000+02:00,2011-10-0116:00:15.843000+02:00
173739,19,2011-10-0113:12:57.663000+02:00,2011-10-0116:00:21.937000+02:00
173739,20,2011-10-0113:12:57.663000+02:00,2011-10-0815:27:11.144000+02:00
173739,21,2011-10-0113:12:57.663000+02:00,2011-10-0815:32:48.196000+02:00
173739,22,2011-10-0113:12:57.663000+02:00,2011-10-1110:18:32.969000+02:00
173739,23,2011-10-0113:12:57.663000+02:00,2011-10-1110:19:12.541000+02:00
173739,24,2011-10-0113:12:57.663000+02:00,2011-10-1110:19:12.705000+02:00
173739,25,2011-10-0113:12:57.663000+02:00,2011-10-1110:19:14.044000+02:00
173739,26,2011-10-0113:12:57.663000+02:00,2011-10-1312:56:47.536000+02:00
173739,27,2011-10-0113:12:57.663000+02:00,2011-10-1313:12:26.149000+02:00
173739,28,2011-10-0113:12:57.663000+02:00,2011-10-1314:30:14.065000+02:00
173739,29,2011-10-0113:12:57.663000+02:00,2011-10-1315:04:17.552000+02:00
173739,30,2011-10-0113:12:57.663000+02:00,2011-10-1315:04:19.365000+02:00
173739,31,2011-10-0113:12:57.663000+02:00,2011-10-1319:54:43.879000+02:00
173739,32,2011-10-0113:12:57.663000+02:00,2011-10-1320:01:47.622000+02:00
173739,33,2011-10-0113:12:57.663000+02:00,2011-10-1410:05:16.955000+02:00
173739,34,2011-10-0113:12:57.663000+02:00,2011-10-1410:06:41.548000+02:00
173739,35,2011-10-0113:12:57.663000+02:00,2011-10-1413:19:03.524000+02:00
173739,36,2011-10-0113:12:57.663000+02:00,2011-10-1413:19:58.402000+02:00
173739,37,2011-10-0113:12:57.663000+02:00,2011-10-1413:35:53.903000+02:00
173739,38,2011-10-0113:12:57.663000+02:00,2011-10-1413:37:05.114000+02:00
173739,39,2011-10-0113:12:57.663000+02:00,2011-10-1414:04:14.642000+02:00
173739,40,2011-10-0113:12:57.663000+02:00,2011-10-1414:05:18.189000+02:00
173739,41,2011-10-0113:12:57.663000+02:00,2011-10-1415:48:25.294000+02:00
173739,42,2011-10-0113:12:57.663000+02:00,2011-10-1415:49:16.973000+02:00
173739,43,2011-10-0113:12:57.663000+02:00,2011-10-1415:49:18.747000+02:00
173739,44,2011-10-0113:12:57.663000+02:00,2011-10-1416:21:08.274000+02:00
173739,45,2011-10-0113:12:57.663000+02:00,2011-10-1416:22:47.530000+02:00
173739,46,2011-10-0113:12:57.663000+02:00,2011-10-1416:22:47.530000+02:00
173739,47,2011-10-0113:12:57.663000+02:00,2011-10-1416:22:47.530000+02:00
173739,48,2011-10-0113:12:57.663000+02:00,2011-10-1416:22:47.530000+02:00
173739,49,2011-10-0113:12:57.663000+02:00,2011-10-1416:22:55.654000+02:00
173739,50,2011-10-0113:12:57.663000+02:00,2011-10-1416:22:56.654000+02:00
173742,1,2011-10-0113:44:11.627000+02:00,2011-10-0113:44:11.627000+02:00
173742,2,2011-10-0113:44:11.627000+02:00,2011-10-0113:44:12.627000+02:00
173742,3,2011-10-0113:44:11.627000+02:00,2011-10-0113:44:12.796000+02:00
173742,4,2011-10-0113:44:11.627000+02:00,2011-10-0113:44:28.518000+02:00
173742,5,2011-10-0113:44:11.627000+02:00,2011-10-0114:54:59.794000+02:00
173742,6,2011-10-0113:44:11.627000+02:00,2011-10-0114:56:21.300000+02:00
173742,7,2011-10-0113:44:11.627000+02:00,2011-10-0114:56:21.343000+02:00
173742,8,2011-10-0113:44:11.627000+02:00,2011-10-0114:56:22.258000+02:00
173742,9,2011-10-0113:44:11.627000+02:00,2011-10-0115:43:28.867000+02:00
173742,10,2011-10-0113:44:11.627000+02:00,2011-10-0115:50:01.022000+02:00
173742,11,2011-10-0113:44:11.627000+02:00,2011-10-0312:55:29.782000+02:00
173742,12,2011-10-0113:44:11.627000+02:00,2011-10-0312:56:17.811000+02:00
173742,13,2011-10-0113:44:11.627000+02:00,2011-10-0315:53:14.368000+02:00
173742,14,2011-10-0113:44:11.627000+02:00,2011-10-0315:55:10.703000+02:00
173742,15,2011-10-0113:44:11.627000+02:00,2011-10-0411:30:57.138000+02:00
173742,16,2011-10-0113:44:11.627000+02:00,2011-10-0411:35:15.898000+02:00
173742,17,2011-10-0113:44:11.627000+02:00,2011-10-0413:25:26.997000+02:00
173742,18,2011-10-0113:44:11.627000+02:00,2011-10-0413:26:21.211000+02:00
173742,19,2011-10-0113:44:11.627000+02:00,2011-10-0417:26:11.606000+02:00
173742,20,2011-10-0113:44:11.627000+02:00,2011-10-0417:27:09.867000+02:00
173742,21,2011-10-0113:44:11.627000+02:00,2011-10-0509:31:37.643000+02:00
173742,22,2011-10-0113:44:11.627000+02:00,2011-10-0509:32:15.950000+02:00
173742,23,2011-10-0113:44:11.627000+02:00,2011-10-0513:27:38.276000+02:00
173742,24,2011-10-0113:44:11.627000+02:00,2011-10-0513:28:37.728000+02:00
173742,25,2011-10-0113:44:11.627000+02:00,2011-10-0518:13:44.540000+02:00
173742,26,2011-10-0113:44:11.627000+02:00,2011-10-0518:14:09.139000+02:00
173742,27,2011-10-0113:44:11.627000+02:00,2011-10-0518:51:28.875000+02:00
173742,28,2011-10-0113:44:11.627000+02:00,2011-10-0518:53:18.185000+02:00
173742,29,2011-10-0113:44:11.627000+02:00,2011-10-0609:59:11.603000+02:00
173742,30,2011-10-0113:44:11.627000+02:00,2011-10-0610:00:04.158000+02:00
173742,31,2011-10-0113:44:11.627000+02:00,2011-10-0620:53:12.515000+02:00
173742,32,2011-10-0113:44:11.627000+02:00,2011-10-0620:54:12.674000+02:00
173742,33,2011-10-0113:44:11.627000+02:00,2011-10-0718:33:31.438000+02:00
173742,34,2011-10-0113:44:11.627000+02:00,2011-10-0718:34:58.370000+02:00
173742,35,2011-10-0113:44:11.627000+02:00,2011-10-0810:49:43.434000+02:00
173742,36,2011-10-0113:44:11.627000+02:00,2011-10-0810:51:27.693000+02:00
173742,37,2011-10-0113:44:11.627000+02:00,2011-10-0811:27:14.238000+02:00
173742,38,2011-10-0113:44:11.627000+02:00,2011-10-0811:30:22.029000+02:00
173742,39,2011-10-0113:44:11.627000+02:00,2011-10-1415:45:14.837000+02:00
173742,40,2011-10-0113:44:11.627000+02:00,2011-10-1415:52:04.486000+02:00
173742,41,2011-10-0113:44:11.627000+02:00,2011-10-1415:52:09.143000+02:00
173742,42,2011-10-0113:44:11.627000+02:00,2011-10-1415:52:10.143000+02:00
173745,1,2011-10-0114:08:15.294000+02:00,2011-10-0114:08:15.294000+02:00
173745,2,2011-10-0114:08:15.294000+02:00,2011-10-0114:08:16.294000+02:00
173745,3,2011-10-0114:08:15.294000+02:00,2011-10-0114:08:16.484000+02:00
173745,4,2011-10-0114:08:15.294000+02:00,2011-10-0114:08:29.623000+02:00
173745,5,2011-10-0114:08:15.294000+02:00,2011-10-0115:19:46.902000+02:00
173745,6,2011-10-0114:08:15.294000+02:00,2011-10-0115:21:26.216000+02:00
173745,7,2011-10-0114:08:15.294000+02:00,2011-10-0115:21:26.264000+02:00
173745,8,2011-10-0114:08:15.294000+02:00,2011-10-0115:21:27.382000+02:00
173745,9,2011-10-0114:08:15.294000+02:00,2011-10-0115:49:47.071000+02:00
173745,10,2011-10-0114:08:15.294000+02:00,2011-10-0115:55:33.955000+02:00
173745,11,2011-10-0114:08:15.294000+02:00,2011-10-0115:58:41.855000+02:00
173745,12,2011-10-0114:08:15.294000+02:00,2011-10-0115:58:41.856000+02:00
173745,13,2011-10-0114:08:15.294000+02:00,2011-10-0115:58:44.837000+02:00
173745,14,2011-10-0114:08:15.294000+02:00,2011-10-0115:58:44.859000+02:00
173745,15,2011-10-0114:08:15.294000+02:00,2011-10-0115:58:44.952000+02:00
173745,16,2011-10-0114:08:15.294000+02:00,2011-10-0115:58:47.041000+02:00
173745,17,2011-10-0114:08:15.294000+02:00,2011-10-0812:37:54.978000+02:00
173745,18,2011-10-0114:08:15.294000+02:00,2011-10-0812:45:57.789000+02:00
173745,19,2011-10-0114:08:15.294000+02:00,2011-10-0812:45:57.789000+02:00
173745,20,2011-10-0114:08:15.294000+02:00,2011-10-0812:45:59.872000+02:00
173745,21,2011-10-0114:08:15.294000+02:00,2011-10-0812:46:00.872000+02:00
173748,1,2011-10-0114:09:15.088000+02:00,2011-10-0114:09:15.088000+02:00
173748,2,2011-10-0114:09:15.088000+02:00,2011-10-0114:09:16.088000+02:00
173748,3,2011-10-0114:09:15.088000+02:00,2011-10-0114:09:16.307000+02:00
173748,4,2011-10-0114:09:15.088000+02:00,2011-10-0114:10:03.002000+02:00
173748,5,2011-10-0114:09:15.088000+02:00,2011-10-0115:21:30.425000+02:00
173748,6,2011-10-0114:09:15.088000+02:00,2011-10-0115:24:16.783000+02:00
173748,7,2011-10-0114:09:15.088000+02:00,2011-10-0115:24:16.818000+02:00
173748,8,2011-10-0114:09:15.088000+02:00,2011-10-0115:24:17.903000+02:00
173748,9,2011-10-0114:09:15.088000+02:00,2011-10-0115:56:55.771000+02:00
173748,10,2011-10-0114:09:15.088000+02:00,2011-10-0115:57:08.108000+02:00
173748,11,2011-10-0114:09:15.088000+02:00,2011-10-0115:57:12.437000+02:00
173748,12,2011-10-0114:09:15.088000+02:00,2011-10-0115:57:18.128000+02:00
173748,13,2011-10-0114:09:15.088000+02:00,2011-10-0116:00:06.614000+02:00
173748,14,2011-10-0114:09:15.088000+02:00,2011-10-0116:00:29.127000+02:00
173748,15,2011-10-0114:09:15.088000+02:00,2011-10-0116:01:55.949000+02:00
173748,16,2011-10-0114:09:15.088000+02:00,2011-10-0116:09:35.915000+02:00
173748,17,2011-10-0114:09:15.088000+02:00,2011-10-0116:27:43.446000+02:00
173748,18,2011-10-0114:09:15.088000+02:00,2011-10-0116:33:21.976000+02:00
173748,19,2011-10-0114:09:15.088000+02:00,2011-10-0116:36:44.831000+02:00
173748,20,2011-10-0114:09:15.088000+02:00,2011-10-0116:36:44.831000+02:00
173748,21,2011-10-0114:09:15.088000+02:00,2011-10-0116:37:32.632000+02:00
173748,22,2011-10-0114:09:15.088000+02:00,2011-10-0116:37:32.669000+02:00
173748,23,2011-10-0114:09:15.088000+02:00,2011-10-0116:37:32.777000+02:00
173748,24,2011-10-0114:09:15.088000+02:00,2011-10-0116:37:33.942000+02:00
173748,25,2011-10-0114:09:15.088000+02:00,2011-10-0116:37:45.563000+02:00
173748,26,2011-10-0114:09:15.088000+02:00,2011-10-0116:39:20.513000+02:00
173748,27,2011-10-0114:09:15.088000+02:00,2011-10-0116:41:24.002000+02:00
173748,28,2011-10-0114:09:15.088000+02:00,2011-10-0116:42:16.406000+02:00
173748,29,2011-10-0114:09:15.088000+02:00,2011-10-0116:42:16.406000+02:00
173748,30,2011-10-0114:09:15.088000+02:00,2011-10-0116:42:17.394000+02:00
173748,31,2011-10-0114:09:15.088000+02:00,2011-10-0116:42:17.419000+02:00
173748,32,2011-10-0114:09:15.088000+02:00,2011-10-0116:42:17.503000+02:00
173748,33,2011-10-0114:09:15.088000+02:00,2011-10-0116:42:18.798000+02:00
173748,34,2011-10-0114:09:15.088000+02:00,2011-10-0116:42:41.603000+02:00
173748,35,2011-10-0114:09:15.088000+02:00,2011-10-0116:48:25.529000+02:00
173748,36,2011-10-0114:09:15.088000+02:00,2011-10-0316:35:29.831000+02:00
173748,37,2011-10-0114:09:15.088000+02:00,2011-10-0316:44:19.335000+02:00
173748,38,2011-10-0114:09:15.088000+02:00,2011-10-0316:44:19.335000+02:00
173748,39,2011-10-0114:09:15.088000+02:00,2011-10-0316:44:24.049000+02:00
173748,40,2011-10-0114:09:15.088000+02:00,2011-10-0316:44:25.049000+02:00
173751,1,2011-10-0114:14:38.442000+02:00,2011-10-0114:14:38.442000+02:00
173751,2,2011-10-0114:14:38.442000+02:00,2011-10-0114:14:39.442000+02:00
173751,3,2011-10-0114:14:38.442000+02:00,2011-10-0114:14:39.698000+02:00
173751,4,2011-10-0114:14:38.442000+02:00,2011-10-0114:15:21.127000+02:00
173751,5,2011-10-0114:14:38.442000+02:00,2011-10-0114:15:21.514000+02:00
173751,6,2011-10-0114:14:38.442000+02:00,2011-10-0115:27:54.581000+02:00
173751,7,2011-10-0114:14:38.442000+02:00,2011-10-0115:34:03.433000+02:00
173751,8,2011-10-0114:14:38.442000+02:00,2011-10-0116:39:01.386000+02:00
173751,9,2011-10-0114:14:38.442000+02:00,2011-10-0116:43:08.537000+02:00
173751,10,2011-10-0114:14:38.442000+02:00,2011-10-0116:49:59.191000+02:00
173751,11,2011-10-0114:14:38.442000+02:00,2011-10-0116:49:59.191000+02:00
173751,12,2011-10-0114:14:38.442000+02:00,2011-10-0116:50:00.969000+02:00
173751,13,2011-10-0114:14:38.442000+02:00,2011-10-0116:50:01.004000+02:00
173751,14,2011-10-0114:14:38.442000+02:00,2011-10-0116:50:01.118000+02:00
173751,15,2011-10-0114:14:38.442000+02:00,2011-10-0116:50:03.374000+02:00
173751,16,2011-10-0114:14:38.442000+02:00,2011-10-0712:40:09.590000+02:00
173751,17,2011-10-0114:14:38.442000+02:00,2011-10-0712:40:18.319000+02:00
173751,18,2011-10-0114:14:38.442000+02:00,2011-10-0712:40:18.475000+02:00
173751,19,2011-10-0114:14:38.442000+02:00,2011-10-0712:40:20.348000+02:00
173751,20,2011-10-0114:14:38.442000+02:00,2011-10-1110:28:50.637000+02:00
173751,21,2011-10-0114:14:38.442000+02:00,2011-10-1110:39:30.983000+02:00
173751,22,2011-10-0114:14:38.442000+02:00,2011-10-1110:39:30.984000+02:00
173751,23,2011-10-0114:14:38.442000+02:00,2011-10-1110:39:30.984000+02:00
173751,24,2011-10-0114:14:38.442000+02:00,2011-10-1110:39:30.984000+02:00
173751,25,2011-10-0114:14:38.442000+02:00,2011-10-1110:39:37.710000+02:00
173751,26,2011-10-0114:14:38.442000+02:00,2011-10-1110:39:38.710000+02:00
173754,1,2011-10-0114:50:08.763000+02:00,2011-10-0114:50:08.763000+02:00
173754,2,2011-10-0114:50:08.763000+02:00,2011-10-0114:50:09.763000+02:00
173754,3,2011-10-0114:50:08.763000+02:00,2011-10-0114:50:11.084000+02:00
173754,4,2011-10-0114:50:08.763000+02:00,2011-10-0114:50:51.260000+02:00
173754,5,2011-10-0114:50:08.763000+02:00,2011-10-0114:50:51.581000+02:00
173754,6,2011-10-0114:50:08.763000+02:00,2011-10-0115:34:08.620000+02:00
173754,7,2011-10-0114:50:08.763000+02:00,2011-10-0115:44:41.812000+02:00
173754,8,2011-10-0114:50:08.763000+02:00,2011-10-0115:57:20.639000+02:00
173754,9,2011-10-0114:50:08.763000+02:00,2011-10-0116:00:04.254000+02:00
173754,10,2011-10-0114:50:08.763000+02:00,2011-10-0312:56:25.496000+02:00
173754,11,2011-10-0114:50:08.763000+02:00,2011-10-0312:57:19.896000+02:00
173754,12,2011-10-0114:50:08.763000+02:00,2011-10-0409:26:08.278000+02:00
173754,13,2011-10-0114:50:08.763000+02:00,2011-10-0409:28:25.001000+02:00
173754,14,2011-10-0114:50:08.763000+02:00,2011-10-0413:19:33.517000+02:00
173754,15,2011-10-0114:50:08.763000+02:00,2011-10-0413:23:24.422000+02:00
173754,16,2011-10-0114:50:08.763000+02:00,2011-10-0417:56:08.754000+02:00
173754,17,2011-10-0114:50:08.763000+02:00,2011-10-0417:57:28.524000+02:00
173754,18,2011-10-0114:50:08.763000+02:00,2011-10-0509:51:21.156000+02:00
173754,19,2011-10-0114:50:08.763000+02:00,2011-10-0509:52:18.491000+02:00
173754,20,2011-10-0114:50:08.763000+02:00,2011-10-0513:51:17.543000+02:00
173754,21,2011-10-0114:50:08.763000+02:00,2011-10-0513:52:14.235000+02:00
173754,22,2011-10-0114:50:08.763000+02:00,2011-10-0518:35:43.713000+02:00
173754,23,2011-10-0114:50:08.763000+02:00,2011-10-0518:39:11.602000+02:00
173754,24,2011-10-0114:50:08.763000+02:00,2011-10-0609:57:22.776000+02:00
173754,25,2011-10-0114:50:08.763000+02:00,2011-10-0609:59:11.701000+02:00
173754,26,2011-10-0114:50:08.763000+02:00,2011-10-0709:18:08.337000+02:00
173754,27,2011-10-0114:50:08.763000+02:00,2011-10-0709:18:19.534000+02:00
173754,28,2011-10-0114:50:08.763000+02:00,2011-10-0718:40:54.864000+02:00
173754,29,2011-10-0114:50:08.763000+02:00,2011-10-0718:41:57.476000+02:00
173754,30,2011-10-0114:50:08.763000+02:00,2011-10-0811:07:09.527000+02:00
173754,31,2011-10-0114:50:08.763000+02:00,2011-10-0811:12:22.490000+02:00
173754,32,2011-10-0114:50:08.763000+02:00,2011-10-1413:49:41.128000+02:00
173754,33,2011-10-0114:50:08.763000+02:00,2011-10-1413:51:42.183000+02:00
173754,34,2011-10-0114:50:08.763000+02:00,2011-10-1413:52:12.099000+02:00
173754,35,2011-10-0114:50:08.763000+02:00,2011-10-1413:52:59.787000+02:00
173754,36,2011-10-0114:50:08.763000+02:00,2011-10-1414:26:08.264000+02:00
173754,37,2011-10-0114:50:08.763000+02:00,2011-10-1414:26:29.939000+02:00
173754,38,2011-10-0114:50:08.763000+02:00,2011-10-1414:26:30.998000+02:00
173754,39,2011-10-0114:50:08.763000+02:00,2011-10-1414:26:43.880000+02:00
173754,40,2011-10-0114:50:08.763000+02:00,2011-10-1414:26:59.868000+02:00
173754,41,2011-10-0114:50:08.763000+02:00,2011-10-1414:27:33.053000+02:00
173754,42,2011-10-0114:50:08.763000+02:00,2011-10-1414:28:39.170000+02:00
173754,43,2011-10-0114:50:08.763000+02:00,2011-10-1414:28:41.859000+02:00
173754,44,2011-10-0114:50:08.763000+02:00,2011-10-1414:28:42.859000+02:00
173757,1,2011-10-0115:02:57.635000+02:00,2011-10-0115:02:57.635000+02:00
173757,2,2011-10-0115:02:57.635000+02:00,2011-10-0115:02:58.635000+02:00
173757,3,2011-10-0115:02:57.635000+02:00,2011-10-0115:02:58.837000+02:00
173757,4,2011-10-0115:02:57.635000+02:00,2011-10-0115:03:36.223000+02:00
173757,5,2011-10-0115:02:57.635000+02:00,2011-10-0115:03:37.223000+02:00
173760,1,2011-10-0115:15:16.454000+02:00,2011-10-0115:15:16.454000+02:00
173760,2,2011-10-0115:15:16.454000+02:00,2011-10-0115:15:17.454000+02:00
173760,3,2011-10-0115:15:16.454000+02:00,2011-10-0115:15:17.785000+02:00
173760,4,2011-10-0115:15:16.454000+02:00,2011-10-0115:15:57.085000+02:00
173760,5,2011-10-0115:15:16.454000+02:00,2011-10-0115:15:57.399000+02:00
173760,6,2011-10-0115:15:16.454000+02:00,2011-10-0115:49:25.830000+02:00
173760,7,2011-10-0115:15:16.454000+02:00,2011-10-0115:56:34.697000+02:00
173760,8,2011-10-0115:15:16.454000+02:00,2011-10-0116:01:43.413000+02:00
173760,9,2011-10-0115:15:16.454000+02:00,2011-10-0116:01:43.413000+02:00
173760,10,2011-10-0115:15:16.454000+02:00,2011-10-0116:01:44.340000+02:00
173760,11,2011-10-0115:15:16.454000+02:00,2011-10-0116:01:44.367000+02:00
173760,12,2011-10-0115:15:16.454000+02:00,2011-10-0116:01:44.446000+02:00
173760,13,2011-10-0115:15:16.454000+02:00,2011-10-0116:01:45.570000+02:00
173760,14,2011-10-0115:15:16.454000+02:00,2011-10-0812:32:54.194000+02:00
173760,15,2011-10-0115:15:16.454000+02:00,2011-10-0812:34:58.665000+02:00
173760,16,2011-10-0115:15:16.454000+02:00,2011-10-1019:51:46.694000+02:00
173760,17,2011-10-0115:15:16.454000+02:00,2011-10-1019:52:09.728000+02:00
173760,18,2011-10-0115:15:16.454000+02:00,2011-10-1110:58:47.999000+02:00
173760,19,2011-10-0115:15:16.454000+02:00,2011-10-1111:01:37.837000+02:00
173760,20,2011-10-0115:15:16.454000+02:00,2011-10-1111:01:37.983000+02:00
173760,21,2011-10-0115:15:16.454000+02:00,2011-10-1111:01:39.164000+02:00
173760,22,2011-10-0115:15:16.454000+02:00,2011-10-1415:17:11.834000+02:00
173760,23,2011-10-0115:15:16.454000+02:00,2011-10-1415:41:03.384000+02:00
173760,24,2011-10-0115:15:16.454000+02:00,2011-10-1415:41:03.384000+02:00
173760,25,2011-10-0115:15:16.454000+02:00,2011-10-1415:41:03.384000+02:00
173760,26,2011-10-0115:15:16.454000+02:00,2011-10-1415:41:03.384000+02:00
173760,27,2011-10-0115:15:16.454000+02:00,2011-10-1415:41:11.193000+02:00
173760,28,2011-10-0115:15:16.454000+02:00,2011-10-1415:41:12.193000+02:00
173763,1,2011-10-0116:09:21.741000+02:00,2011-10-0116:09:21.741000+02:00
173763,2,2011-10-0116:09:21.741000+02:00,2011-10-0116:09:22.741000+02:00
173763,3,2011-10-0116:09:21.741000+02:00,2011-10-0116:09:23.366000+02:00
173763,4,2011-10-0116:09:21.741000+02:00,2011-10-0116:09:35.019000+02:00
173763,5,2011-10-0116:09:21.741000+02:00,2011-10-0116:36:40.854000+02:00
173763,6,2011-10-0116:09:21.741000+02:00,2011-10-0116:38:40.609000+02:00
173763,7,2011-10-0116:09:21.741000+02:00,2011-10-0116:38:43.770000+02:00
173763,8,2011-10-0116:09:21.741000+02:00,2011-10-0116:38:44.770000+02:00
173766,1,2011-10-0116:12:01.338000+02:00,2011-10-0116:12:01.338000+02:00
173766,2,2011-10-0116:12:01.338000+02:00,2011-10-0116:12:02.338000+02:00
173766,3,2011-10-0116:12:01.338000+02:00,2011-10-0116:12:02.437000+02:00
173766,4,2011-10-0116:12:01.338000+02:00,2011-10-0116:12:45.054000+02:00
173766,5,2011-10-0116:12:01.338000+02:00,2011-10-0116:12:45.495000+02:00
173766,6,2011-10-0116:12:01.338000+02:00,2011-10-0116:21:09.556000+02:00
173766,7,2011-10-0116:12:01.338000+02:00,2011-10-0116:45:56.460000+02:00
173766,8,2011-10-0116:12:01.338000+02:00,2011-10-0116:46:57.433000+02:00
173766,9,2011-10-0116:12:01.338000+02:00,2011-10-0116:48:23.746000+02:00
173766,10,2011-10-0116:12:01.338000+02:00,2011-10-0313:46:24.397000+02:00
173766,11,2011-10-0116:12:01.338000+02:00,2011-10-0313:48:25.069000+02:00
173766,12,2011-10-0116:12:01.338000+02:00,2011-10-0409:32:04.590000+02:00
173766,13,2011-10-0116:12:01.338000+02:00,2011-10-0409:34:40.289000+02:00
173766,14,2011-10-0116:12:01.338000+02:00,2011-10-0413:01:52.979000+02:00
173766,15,2011-10-0116:12:01.338000+02:00,2011-10-0413:11:09.043000+02:00
173766,16,2011-10-0116:12:01.338000+02:00,2011-10-0417:12:49+02:00
173766,17,2011-10-0116:12:01.338000+02:00,2011-10-0417:17:33.659000+02:00
173766,18,2011-10-0116:12:01.338000+02:00,2011-10-0509:19:46.414000+02:00
173766,19,2011-10-0116:12:01.338000+02:00,2011-10-0509:20:40.159000+02:00
173766,20,2011-10-0116:12:01.338000+02:00,2011-10-0510:42:42.601000+02:00
173766,21,2011-10-0116:12:01.338000+02:00,2011-10-0510:42:52.632000+02:00
173766,22,2011-10-0116:12:01.338000+02:00,2011-10-0514:01:11.683000+02:00
173766,23,2011-10-0116:12:01.338000+02:00,2011-10-0514:05:43.045000+02:00
173766,24,2011-10-0116:12:01.338000+02:00,2011-10-0518:47:16.548000+02:00
173766,25,2011-10-0116:12:01.338000+02:00,2011-10-0518:50:58.641000+02:00
173766,26,2011-10-0116:12:01.338000+02:00,2011-10-0609:58:04.207000+02:00
173766,27,2011-10-0116:12:01.338000+02:00,2011-10-0609:58:22.447000+02:00
173766,28,2011-10-0116:12:01.338000+02:00,2011-10-0620:50:04.321000+02:00
173766,29,2011-10-0116:12:01.338000+02:00,2011-10-0620:52:10.659000+02:00
173766,30,2011-10-0116:12:01.338000+02:00,2011-10-0620:52:12.238000+02:00
173766,31,2011-10-0116:12:01.338000+02:00,2011-10-0620:52:13.238000+02:00
173769,1,2011-10-0116:34:45.838000+02:00,2011-10-0116:34:45.838000+02:00
173769,2,2011-10-0116:34:45.838000+02:00,2011-10-0116:34:46.838000+02:00
173769,3,2011-10-0116:34:45.838000+02:00,2011-10-0116:34:46.971000+02:00
173769,4,2011-10-0116:34:45.838000+02:00,2011-10-0116:35:23.337000+02:00
173769,5,2011-10-0116:34:45.838000+02:00,2011-10-0116:35:24.337000+02:00
173772,1,2011-10-0116:39:54.798000+02:00,2011-10-0116:39:54.798000+02:00
173772,2,2011-10-0116:39:54.798000+02:00,2011-10-0116:39:55.798000+02:00
173772,3,2011-10-0116:39:54.798000+02:00,2011-10-0116:39:55.898000+02:00
173772,4,2011-10-0116:39:54.798000+02:00,2011-10-0116:40:31.075000+02:00
173772,5,2011-10-0116:39:54.798000+02:00,2011-10-0116:40:32.075000+02:00
173775,1,2011-10-0116:58:59.006000+02:00,2011-10-0116:58:59.006000+02:00
173775,2,2011-10-0116:58:59.006000+02:00,2011-10-0116:59:00.006000+02:00
173775,3,2011-10-0116:58:59.006000+02:00,2011-10-0116:59:00.116000+02:00
173775,4,2011-10-0116:58:59.006000+02:00,2011-10-0116:59:31.819000+02:00
173775,5,2011-10-0116:58:59.006000+02:00,2011-10-0116:59:32.118000+02:00
173775,6,2011-10-0116:58:59.006000+02:00,2011-10-0309:06:56.047000+02:00
173775,7,2011-10-0116:58:59.006000+02:00,2011-10-0309:20:05.027000+02:00
173775,8,2011-10-0116:58:59.006000+02:00,2011-10-0310:33:48.312000+02:00
173775,9,2011-10-0116:58:59.006000+02:00,2011-10-0310:38:00.941000+02:00
173775,10,2011-10-0116:58:59.006000+02:00,2011-10-0310:38:04.449000+02:00
173775,11,2011-10-0116:58:59.006000+02:00,2011-10-0310:38:05.449000+02:00
173778,1,2011-10-0117:49:30.297000+02:00,2011-10-0117:49:30.297000+02:00
173778,2,2011-10-0117:49:30.297000+02:00,2011-10-0117:49:31.297000+02:00
173778,3,2011-10-0117:49:30.297000+02:00,2011-10-0117:49:31.470000+02:00
173778,4,2011-10-0117:49:30.297000+02:00,2011-10-0117:50:11.358000+02:00
173778,5,2011-10-0117:49:30.297000+02:00,2011-10-0308:59:16.103000+02:00
173778,6,2011-10-0117:49:30.297000+02:00,2011-10-0309:04:53.732000+02:00
173778,7,2011-10-0117:49:30.297000+02:00,2011-10-0309:04:57.761000+02:00
173778,8,2011-10-0117:49:30.297000+02:00,2011-10-0309:04:58.761000+02:00
173781,1,2011-10-0118:10:33.289000+02:00,2011-10-0118:10:33.289000+02:00
173781,2,2011-10-0118:10:33.289000+02:00,2011-10-0118:10:34.289000+02:00
173781,3,2011-10-0118:10:33.289000+02:00,2011-10-0118:10:34.403000+02:00
173781,4,2011-10-0118:10:33.289000+02:00,2011-10-0118:11:13.866000+02:00
173781,5,2011-10-0118:10:33.289000+02:00,2011-10-0118:11:14.166000+02:00
173781,6,2011-10-0118:10:33.289000+02:00,2011-10-0309:14:50.846000+02:00
173781,7,2011-10-0118:10:33.289000+02:00,2011-10-0309:24:47.145000+02:00
173781,8,2011-10-0118:10:33.289000+02:00,2011-10-0309:25:12.137000+02:00
173781,9,2011-10-0118:10:33.289000+02:00,2011-10-0309:25:13.137000+02:00
