track_id,index,event_name,finish,start
173697,1,START,2011-10-01 08:11:07+00:00,2011-10-01 08:11:07+00:00
173697,2,A_SUBMITTED,2011-10-01 08:11:08+00:00,2011-10-01 08:11:07+00:00
173697,3,A_PARTLYSUBMITTED,2011-10-01 08:11:09+00:00,2011-10-01 08:11:08+00:00
173697,4,A_DECLINED,2011-10-01 08:11:46+00:00,2011-10-01 08:11:09+00:00
173697,5,END,2011-10-01 08:11:47+00:00,2011-10-01 08:11:46+00:00
173700,1,START,2011-10-01 08:15:38+00:00,2011-10-01 08:15:38+00:00
173700,2,A_SUBMITTED,2011-10-01 08:15:39+00:00,2011-10-01 08:15:38+00:00
173700,3,A_PARTLYSUBMITTED,2011-10-01 08:15:40+00:00,2011-10-01 08:15:39+00:00
173700,4,A_DECLINED,2011-10-01 08:16:21+00:00,2011-10-01 08:15:40+00:00
173700,5,END,2011-10-01 08:16:22+00:00,2011-10-01 08:16:21+00:00
173703,1,START,2011-10-01 09:45:24+00:00,2011-10-01 09:45:24+00:00
173703,2,A_SUBMITTED,2011-10-01 09:45:25+00:00,2011-10-01 09:45:24+00:00
173703,3,A_PARTLYSUBMITTED,2011-10-01 09:45:25+00:00,2011-10-01 09:45:25+00:00
173703,4,A_PREACCEPTED,2011-10-01 09:46:18+00:00,2011-10-01 09:45:25+00:00
173703,5,W_Completerenaanvraag,2011-10-01 09:46:18+00:00,2011-10-01 09:46:18+00:00
173703,6,W_Completerenaanvraag,2011-10-01 11:37:46+00:00,2011-10-01 09:46:18+00:00
173703,7,W_Completerenaanvraag,2011-10-01 11:40:24+00:00,2011-10-01 11:37:46+00:00
173703,8,W_Completerenaanvraag,2011-10-01 12:40:26+00:00,2011-10-01 11:40:24+00:00
173703,9,A_CANCELLED,2011-10-01 13:02:11+00:00,2011-10-01 12:40:26+00:00
173703,10,W_Completerenaanvraag,2011-10-01 13:02:12+00:00,2011-10-01 13:02:11+00:00
173703,11,END,2011-10-01 13:02:13+00:00,2011-10-01 13:02:12+00:00
173706,1,START,2011-10-01 09:45:36+00:00,2011-10-01 09:45:36+00:00
173706,2,A_SUBMITTED,2011-10-01 09:45:37+00:00,2011-10-01 09:45:36+00:00
173706,3,A_PARTLYSUBMITTED,2011-10-01 09:45:37+00:00,2011-10-01 09:45:37+00:00
173706,4,W_Afhandelenleads,2011-10-01 09:46:18+00:00,2011-10-01 09:45:37+00:00
173706,5,W_Afhandelenleads,2011-10-01 10:15:43+00:00,2011-10-01 09:46:18+00:00
173706,6,A_PREACCEPTED,2011-10-01 10:16:48+00:00,2011-10-01 10:15:43+00:00
173706,7,W_Completerenaanvraag,2011-10-01 10:16:48+00:00,2011-10-01 10:16:48+00:00
173706,8,W_Afhandelenleads,2011-10-01 10:16:49+00:00,2011-10-01 10:16:48+00:00
173706,9,W_Completerenaanvraag,2011-10-01 11:49:28+00:00,2011-10-01 10:16:49+00:00
173706,10,W_Completerenaanvraag,2011-10-01 11:50:14+00:00,2011-10-01 11:49:28+00:00
173706,11,W_Completerenaanvraag,2011-10-01 11:50:21+00:00,2011-10-01 11:50:14+00:00
173706,12,W_Completerenaanvraag,2011-10-01 11:53:55+00:00,2011-10-01 11:50:21+00:00
173706,13,W_Completerenaanvraag,2011-10-01 14:50:26+00:00,2011-10-01 11:53:55+00:00
173706,14,A_DECLINED,2011-10-01 14:59:58+00:00,2011-10-01 14:50:26+00:00
173706,15,W_Completerenaanvraag,2011-10-01 15:00:02+00:00,2011-10-01 14:59:58+00:00
173706,16,END,2011-10-01 15:00:03+00:00,2011-10-01 15:00:02+00:00
173709,1,START,2011-10-01 09:57:41+00:00,2011-10-01 09:57:41+00:00
173709,2,A_SUBMITTED,2011-10-01 09:57:42+00:00,2011-10-01 09:57:41+00:00
173709,3,A_PARTLYSUBMITTED,2011-10-01 09:57:43+00:00,2011-10-01 09:57:42+00:00
173709,4,A_PREACCEPTED,2011-10-01 09:58:27+00:00,2011-10-01 09:57:43+00:00
173709,5,W_Completerenaanvraag,2011-10-01 09:58:27+00:00,2011-10-01 09:58:27+00:00
173709,6,W_Completerenaanvraag,2011-10-01 10:26:42+00:00,2011-10-01 09:58:27+00:00
173709,7,W_Completerenaanvraag,2011-10-01 10:27:07+00:00,2011-10-01 10:26:42+00:00
173709,8,W_Completerenaanvraag,2011-10-01 11:40:40+00:00,2011-10-01 10:27:07+00:00
173709,9,W_Completerenaanvraag,2011-10-01 11:43:02+00:00,2011-10-01 11:40:40+00:00
173709,10,W_Completerenaanvraag,2011-10-10 17:42:24+00:00,2011-10-01 11:43:02+00:00
173709,11,W_Completerenaanvraag,2011-10-10 17:43:13+00:00,2011-10-10 17:42:24+00:00
173709,12,W_Completerenaanvraag,2011-11-01 09:15:08+00:00,2011-10-10 17:43:13+00:00
173709,13,A_CANCELLED,2011-11-01 09:15:08+00:00,2011-11-01 09:15:08+00:00
173709,14,END,2011-11-01 09:15:09+00:00,2011-11-01 09:15:08+00:00
173712,1,START,2011-10-01 09:58:29+00:00,2011-10-01 09:58:29+00:00
173712,2,A_SUBMITTED,2011-10-01 09:58:30+00:00,2011-10-01 09:58:29+00:00
173712,3,A_PARTLYSUBMITTED,2011-10-01 09:58:30+00:00,2011-10-01 09:58:30+00:00
173712,4,W_Afhandelenleads,2011-10-01 09:58:44+00:00,2011-10-01 09:58:30+00:00
173712,5,W_Afhandelenleads,2011-10-01 10:08:36+00:00,2011-10-01 09:58:44+00:00
173712,6,A_PREACCEPTED,2011-10-01 10:10:24+00:00,2011-10-01 10:08:36+00:00
173712,7,W_Completerenaanvraag,2011-10-01 10:10:24+00:00,2011-10-01 10:10:24+00:00
173712,8,W_Afhandelenleads,2011-10-01 10:10:25+00:00,2011-10-01 10:10:24+00:00
173712,9,W_Completerenaanvraag,2011-10-01 12:59:13+00:00,2011-10-01 10:10:25+00:00
173712,10,W_Completerenaanvraag,2011-10-01 13:03:35+00:00,2011-10-01 12:59:13+00:00
173712,11,W_Completerenaanvraag,2011-10-03 11:16:05+00:00,2011-10-01 13:03:35+00:00
173712,12,W_Completerenaanvraag,2011-10-03 11:17:29+00:00,2011-10-03 11:16:05+00:00
173712,13,W_Completerenaanvraag,2011-10-03 14:39:34+00:00,2011-10-03 11:17:29+00:00
173712,14,A_CANCELLED,2011-10-03 14:42:53+00:00,2011-10-03 14:39:34+00:00
173712,15,W_Completerenaanvraag,2011-10-03 14:42:55+00:00,2011-10-03 14:42:53+00:00
173712,16,END,2011-10-03 14:42:56+00:00,2011-10-03 14:42:55+00:00
173715,1,START,2011-10-01 09:59:09+00:00,2011-10-01 09:59:09+00:00
173715,2,A_SUBMITTED,2011-10-01 09:59:10+00:00,2011-10-01 09:59:09+00:00
173715,3,A_PARTLYSUBMITTED,2011-10-01 09:59:10+00:00,2011-10-01 09:59:10+00:00
173715,4,A_PREACCEPTED,2011-10-01 09:59:42+00:00,2011-10-01 09:59:10+00:00
173715,5,W_Completerenaanvraag,2011-10-01 09:59:43+00:00,2011-10-01 09:59:42+00:00
173715,6,W_Completerenaanvraag,2011-10-01 11:44:00+00:00,2011-10-01 09:59:43+00:00
173715,7,W_Completerenaanvraag,2011-10-01 11:46:06+00:00,2011-10-01 11:44:00+00:00
173715,8,W_Completerenaanvraag,2011-10-01 12:18:51+00:00,2011-10-01 11:46:06+00:00
173715,9,A_ACCEPTED,2011-10-01 12:24:32+00:00,2011-10-01 12:18:51+00:00
173715,10,O_SELECTED,2011-10-01 12:30:20+00:00,2011-10-01 12:24:32+00:00
173715,11,A_FINALIZED,2011-10-01 12:30:20+00:00,2011-10-01 12:30:20+00:00
173715,12,O_CREATED,2011-10-01 12:30:21+00:00,2011-10-01 12:30:20+00:00
173715,13,O_SENT,2011-10-01 12:30:21+00:00,2011-10-01 12:30:21+00:00
173715,14,W_Nabellenoffertes,2011-10-01 12:30:21+00:00,2011-10-01 12:30:21+00:00
173715,15,W_Completerenaanvraag,2011-10-01 12:30:24+00:00,2011-10-01 12:30:21+00:00
173715,16,W_Nabellenoffertes,2011-10-08 16:35:18+00:00,2011-10-01 12:30:24+00:00
173715,17,W_Nabellenoffertes,2011-10-08 16:38:17+00:00,2011-10-08 16:35:18+00:00
173715,18,W_Nabellenoffertes,2011-10-10 12:53:54+00:00,2011-10-08 16:38:17+00:00
173715,19,O_SENT_BACK,2011-10-10 12:54:03+00:00,2011-10-10 12:53:54+00:00
173715,20,W_Validerenaanvraag,2011-10-10 12:54:03+00:00,2011-10-10 12:54:03+00:00
173715,21,W_Nabellenoffertes,2011-10-10 12:54:04+00:00,2011-10-10 12:54:03+00:00
173715,22,W_Validerenaanvraag,2011-10-13 11:00:48+00:00,2011-10-10 12:54:04+00:00
173715,23,A_DECLINED,2011-10-13 11:05:24+00:00,2011-10-13 11:00:48+00:00
173715,24,O_DECLINED,2011-10-13 11:05:24+00:00,2011-10-13 11:05:24+00:00
173715,25,W_Validerenaanvraag,2011-10-13 11:05:28+00:00,2011-10-13 11:05:24+00:00
173715,26,END,2011-10-13 11:05:29+00:00,2011-10-13 11:05:28+00:00
173718,1,START,2011-10-01 10:37:38+00:00,2011-10-01 10:37:38+00:00
173718,2,A_SUBMITTED,2011-10-01 10:37:39+00:00,2011-10-01 10:37:38+00:00
173718,3,A_PARTLYSUBMITTED,2011-10-01 10:37:39+00:00,2011-10-01 10:37:39+00:00
173718,4,A_PREACCEPTED,2011-10-01 10:38:20+00:00,2011-10-01 10:37:39+00:00
173718,5,W_Completerenaanvraag,2011-10-01 10:38:21+00:00,2011-10-01 10:38:20+00:00
173718,6,W_Completerenaanvraag,2011-10-01 10:38:48+00:00,2011-10-01 10:38:21+00:00
173718,7,A_ACCEPTED,2011-10-01 10:42:21+00:00,2011-10-01 10:38:48+00:00
173718,8,A_FINALIZED,2011-10-01 10:44:40+00:00,2011-10-01 10:42:21+00:00
173718,9,O_SELECTED,2011-10-01 10:44:40+00:00,2011-10-01 10:44:40+00:00
173718,10,O_CREATED,2011-10-01 10:44:42+00:00,2011-10-01 10:44:40+00:00
173718,11,O_SENT,2011-10-01 10:44:42+00:00,2011-10-01 10:44:42+00:00
173718,12,W_Nabellenoffertes,2011-10-01 10:44:42+00:00,2011-10-01 10:44:42+00:00
173718,13,W_Completerenaanvraag,2011-10-01 10:44:43+00:00,2011-10-01 10:44:42+00:00
173718,14,W_Nabellenoffertes,2011-10-01 10:44:54+00:00,2011-10-01 10:44:43+00:00
173718,15,W_Nabellenoffertes,2011-10-01 10:44:58+00:00,2011-10-01 10:44:54+00:00
173718,16,W_Nabellenoffertes,2011-10-01 10:45:27+00:00,2011-10-01 10:44:58+00:00
173718,17,O_SELECTED,2011-10-01 10:46:52+00:00,2011-10-01 10:45:27+00:00
173718,18,O_CANCELLED,2011-10-01 10:46:52+00:00,2011-10-01 10:46:52+00:00
173718,19,O_CREATED,2011-10-01 10:46:54+00:00,2011-10-01 10:46:52+00:00
173718,20,O_SENT,2011-10-01 10:46:54+00:00,2011-10-01 10:46:54+00:00
173718,21,W_Nabellenoffertes,2011-10-01 10:46:54+00:00,2011-10-01 10:46:54+00:00
173718,22,W_Nabellenoffertes,2011-10-01 10:46:56+00:00,2011-10-01 10:46:54+00:00
173718,23,W_Nabellenoffertes,2011-10-01 10:47:14+00:00,2011-10-01 10:46:56+00:00
173718,24,W_Nabellenoffertes,2011-10-01 10:50:20+00:00,2011-10-01 10:47:14+00:00
173718,25,W_Nabellenoffertes,2011-10-01 10:50:29+00:00,2011-10-01 10:50:20+00:00
173718,26,W_Nabellenoffertes,2011-10-01 10:50:34+00:00,2011-10-01 10:50:29+00:00
173718,27,W_Nabellenoffertes,2011-10-08 16:29:16+00:00,2011-10-01 10:50:34+00:00
173718,28,W_Nabellenoffertes,2011-10-08 16:31:37+00:00,2011-10-08 16:29:16+00:00
173718,29,W_Nabellenoffertes,2011-10-10 10:54:21+00:00,2011-10-08 16:31:37+00:00
173718,30,O_SENT_BACK,2011-10-10 10:55:04+00:00,2011-10-10 10:54:21+00:00
173718,31,W_Validerenaanvraag,2011-10-10 10:55:05+00:00,2011-10-10 10:55:04+00:00
173718,32,W_Nabellenoffertes,2011-10-10 10:55:07+00:00,2011-10-10 10:55:05+00:00
173718,33,W_Validerenaanvraag,2011-10-13 12:09:25+00:00,2011-10-10 10:55:07+00:00
173718,34,W_Nabellenincompletedossiers,2011-10-13 12:36:10+00:00,2011-10-13 12:09:25+00:00
173718,35,W_Validerenaanvraag,2011-10-13 12:36:12+00:00,2011-10-13 12:36:10+00:00
173718,36,W_Nabellenincompletedossiers,2011-10-13 13:01:57+00:00,2011-10-13 12:36:12+00:00
173718,37,W_Nabellenincompletedossiers,2011-10-13 13:05:42+00:00,2011-10-13 13:01:57+00:00
173718,38,W_Nabellenincompletedossiers,2011-10-13 13:52:13+00:00,2011-10-13 13:05:42+00:00
173718,39,W_Nabellenincompletedossiers,2011-10-13 13:53:16+00:00,2011-10-13 13:52:13+00:00
173718,40,W_Nabellenincompletedossiers,2011-10-13 16:51:40+00:00,2011-10-13 13:53:16+00:00
173718,41,W_Nabellenincompletedossiers,2011-10-13 17:12:01+00:00,2011-10-13 16:51:40+00:00
173718,42,W_Nabellenincompletedossiers,2011-10-13 17:12:16+00:00,2011-10-13 17:12:01+00:00
173718,43,W_Nabellenincompletedossiers,2011-10-13 17:14:13+00:00,2011-10-13 17:12:16+00:00
173718,44,W_Nabellenincompletedossiers,2011-10-13 17:14:15+00:00,2011-10-13 17:14:13+00:00
173718,45,W_Nabellenincompletedossiers,2011-10-13 17:14:26+00:00,2011-10-13 17:14:15+00:00
173718,46,W_Nabellenincompletedossiers,2011-10-15 15:13:04+00:00,2011-10-13 17:14:26+00:00
173718,47,W_Nabellenincompletedossiers,2011-10-15 15:17:31+00:00,2011-10-15 15:13:04+00:00
173718,48,W_Nabellenincompletedossiers,2011-10-15 16:56:05+00:00,2011-10-15 15:17:31+00:00
173718,49,W_Nabellenincompletedossiers,2011-10-15 16:56:14+00:00,2011-10-15 16:56:05+00:00
173718,50,W_Nabellenincompletedossiers,2011-10-17 13:31:52+00:00,2011-10-15 16:56:14+00:00
173718,51,W_Nabellenincompletedossiers,2011-10-17 13:32:51+00:00,2011-10-17 13:31:52+00:00
173718,52,W_Nabellenincompletedossiers,2011-10-17 14:28:20+00:00,2011-10-17 13:32:51+00:00
173718,53,W_Nabellenincompletedossiers,2011-10-17 14:28:36+00:00,2011-10-17 14:28:20+00:00
173718,54,W_Nabellenincompletedossiers,2011-10-18 16:14:48+00:00,2011-10-17 14:28:36+00:00
173718,55,W_Nabellenincompletedossiers,2011-10-18 16:46:24+00:00,2011-10-18 16:14:48+00:00
173718,56,W_Nabellenincompletedossiers,2011-10-18 17:23:36+00:00,2011-10-18 16:46:24+00:00
173718,57,W_Validerenaanvraag,2011-10-18 17:46:32+00:00,2011-10-18 17:23:36+00:00
173718,58,W_Nabellenincompletedossiers,2011-10-18 17:46:34+00:00,2011-10-18 17:46:32+00:00
173718,59,W_Validerenaanvraag,2011-10-19 08:40:06+00:00,2011-10-18 17:46:34+00:00
173718,60,W_Nabellenincompletedossiers,2011-10-19 08:53:19+00:00,2011-10-19 08:40:06+00:00
173718,61,W_Validerenaanvraag,2011-10-19 08:53:21+00:00,2011-10-19 08:53:19+00:00
173718,62,W_Nabellenincompletedossiers,2011-10-19 09:04:40+00:00,2011-10-19 08:53:21+00:00
173718,63,W_Nabellenincompletedossiers,2011-10-19 09:17:01+00:00,2011-10-19 09:04:40+00:00
173718,64,W_Nabellenincompletedossiers,2011-10-19 09:17:06+00:00,2011-10-19 09:17:01+00:00
173718,65,W_Nabellenincompletedossiers,2011-10-19 09:24:19+00:00,2011-10-19 09:17:06+00:00
173718,66,W_Nabellenincompletedossiers,2011-10-20 09:30:20+00:00,2011-10-19 09:24:19+00:00
173718,67,W_Nabellenincompletedossiers,2011-10-20 09:30:32+00:00,2011-10-20 09:30:20+00:00
173718,68,W_Nabellenincompletedossiers,2011-10-24 15:18:56+00:00,2011-10-20 09:30:32+00:00
173718,69,W_Nabellenincompletedossiers,2011-10-24 15:24:55+00:00,2011-10-24 15:18:56+00:00
173718,70,W_Nabellenincompletedossiers,2011-10-26 08:11:48+00:00,2011-10-24 15:24:55+00:00
173718,71,W_Validerenaanvraag,2011-10-26 08:12:36+00:00,2011-10-26 08:11:48+00:00
173718,72,W_Nabellenincompletedossiers,2011-10-26 08:12:38+00:00,2011-10-26 08:12:36+00:00
173718,73,W_Validerenaanvraag,2011-10-27 09:02:10+00:00,2011-10-26 08:12:38+00:00
173718,74,O_ACCEPTED,2011-10-27 09:17:53+00:00,2011-10-27 09:02:10+00:00
173718,75,A_APPROVED,2011-10-27 09:17:53+00:00,2011-10-27 09:17:53+00:00
173718,76,A_REGISTERED,2011-10-27 09:17:53+00:00,2011-10-27 09:17:53+00:00
173718,77,A_ACTIVATED,2011-10-27 09:17:53+00:00,2011-10-27 09:17:53+00:00
173718,78,W_Validerenaanvraag,2011-10-27 09:18:01+00:00,2011-10-27 09:17:53+00:00
173718,79,END,2011-10-27 09:18:02+00:00,2011-10-27 09:18:01+00:00
173721,1,START,2011-10-01 11:07:33+00:00,2011-10-01 11:07:33+00:00
173721,2,A_SUBMITTED,2011-10-01 11:07:34+00:00,2011-10-01 11:07:33+00:00
173721,3,A_PARTLYSUBMITTED,2011-10-01 11:07:34+00:00,2011-10-01 11:07:34+00:00
173721,4,A_PREACCEPTED,2011-10-01 11:08:17+00:00,2011-10-01 11:07:34+00:00
173721,5,W_Completerenaanvraag,2011-10-01 11:08:17+00:00,2011-10-01 11:08:17+00:00
173721,6,W_Completerenaanvraag,2011-10-01 11:09:08+00:00,2011-10-01 11:08:17+00:00
173721,7,A_ACCEPTED,2011-10-01 11:18:36+00:00,2011-10-01 11:09:08+00:00
173721,8,O_SELECTED,2011-10-01 11:20:47+00:00,2011-10-01 11:18:36+00:00
173721,9,A_FINALIZED,2011-10-01 11:20:47+00:00,2011-10-01 11:20:47+00:00
173721,10,O_CREATED,2011-10-01 11:20:49+00:00,2011-10-01 11:20:47+00:00
173721,11,O_SENT,2011-10-01 11:20:49+00:00,2011-10-01 11:20:49+00:00
173721,12,W_Nabellenoffertes,2011-10-01 11:20:49+00:00,2011-10-01 11:20:49+00:00
173721,13,W_Completerenaanvraag,2011-10-01 11:20:50+00:00,2011-10-01 11:20:49+00:00
173721,14,W_Nabellenoffertes,2011-10-01 11:21:20+00:00,2011-10-01 11:20:50+00:00
173721,15,W_Nabellenoffertes,2011-10-01 11:22:52+00:00,2011-10-01 11:21:20+00:00
173721,16,W_Nabellenoffertes,2011-10-01 11:26:32+00:00,2011-10-01 11:22:52+00:00
173721,17,W_Nabellenoffertes,2011-10-01 11:32:54+00:00,2011-10-01 11:26:32+00:00
173721,18,W_Nabellenoffertes,2011-10-04 14:44:10+00:00,2011-10-01 11:32:54+00:00
173721,19,W_Nabellenoffertes,2011-10-04 14:47:39+00:00,2011-10-04 14:44:10+00:00
173721,20,W_Nabellenoffertes,2011-10-06 09:49:01+00:00,2011-10-04 14:47:39+00:00
173721,21,O_SENT_BACK,2011-10-06 09:49:46+00:00,2011-10-06 09:49:01+00:00
173721,22,W_Validerenaanvraag,2011-10-06 09:49:46+00:00,2011-10-06 09:49:46+00:00
173721,23,W_Nabellenoffertes,2011-10-06 09:49:47+00:00,2011-10-06 09:49:46+00:00
173721,24,W_Validerenaanvraag,2011-10-10 09:32:46+00:00,2011-10-06 09:49:47+00:00
173721,25,W_Nabellenincompletedossiers,2011-10-10 10:06:07+00:00,2011-10-10 09:32:46+00:00
173721,26,W_Validerenaanvraag,2011-10-10 10:06:09+00:00,2011-10-10 10:06:07+00:00
173721,27,W_Nabellenincompletedossiers,2011-10-10 10:17:26+00:00,2011-10-10 10:06:09+00:00
173721,28,W_Nabellenincompletedossiers,2011-10-10 10:20:04+00:00,2011-10-10 10:17:26+00:00
173721,29,W_Nabellenincompletedossiers,2011-10-10 11:40:34+00:00,2011-10-10 10:20:04+00:00
173721,30,W_Nabellenincompletedossiers,2011-10-10 11:42:32+00:00,2011-10-10 11:40:34+00:00
173721,31,W_Nabellenincompletedossiers,2011-10-10 14:15:47+00:00,2011-10-10 11:42:32+00:00
173721,32,W_Nabellenincompletedossiers,2011-10-10 14:22:14+00:00,2011-10-10 14:15:47+00:00
173721,33,W_Nabellenincompletedossiers,2011-10-10 16:22:05+00:00,2011-10-10 14:22:14+00:00
173721,34,O_DECLINED,2011-10-10 16:28:25+00:00,2011-10-10 16:22:05+00:00
173721,35,A_DECLINED,2011-10-10 16:28:25+00:00,2011-10-10 16:28:25+00:00
173721,36,W_Nabellenincompletedossiers,2011-10-10 16:28:29+00:00,2011-10-10 16:28:25+00:00
173721,37,END,2011-10-10 16:28:30+00:00,2011-10-10 16:28:29+00:00
173724,1,START,2011-10-01 11:52:13+00:00,2011-10-01 11:52:13+00:00
173724,2,A_SUBMITTED,2011-10-01 11:52:14+00:00,2011-10-01 11:52:13+00:00
173724,3,A_PARTLYSUBMITTED,2011-10-01 11:52:14+00:00,2011-10-01 11:52:14+00:00
173724,4,W_Afhandelenleads,2011-10-01 11:53:00+00:00,2011-10-01 11:52:14+00:00
173724,5,W_Afhandelenleads,2011-10-01 12:04:34+00:00,2011-10-01 11:53:00+00:00
173724,6,W_Afhandelenleads,2011-10-01 12:12:27+00:00,2011-10-01 12:04:34+00:00
173724,7,W_Afhandelenleads,2011-10-01 12:19:56+00:00,2011-10-01 12:12:27+00:00
173724,8,A_PREACCEPTED,2011-10-01 12:20:54+00:00,2011-10-01 12:19:56+00:00
173724,9,W_Completerenaanvraag,2011-10-01 12:20:54+00:00,2011-10-01 12:20:54+00:00
173724,10,W_Afhandelenleads,2011-10-01 12:20:55+00:00,2011-10-01 12:20:54+00:00
173724,11,W_Completerenaanvraag,2011-10-01 13:24:12+00:00,2011-10-01 12:20:55+00:00
173724,12,W_Completerenaanvraag,2011-10-01 13:27:08+00:00,2011-10-01 13:24:12+00:00
173724,13,W_Completerenaanvraag,2011-10-01 14:01:52+00:00,2011-10-01 13:27:08+00:00
173724,14,W_Completerenaanvraag,2011-10-01 14:02:01+00:00,2011-10-01 14:01:52+00:00
173724,15,W_Completerenaanvraag,2011-10-01 15:12:31+00:00,2011-10-01 14:02:01+00:00
173724,16,W_Completerenaanvraag,2011-10-01 15:15:17+00:00,2011-10-01 15:12:31+00:00
173724,17,W_Completerenaanvraag,2011-10-03 11:31:38+00:00,2011-10-01 15:15:17+00:00
173724,18,W_Completerenaanvraag,2011-10-03 11:33:42+00:00,2011-10-03 11:31:38+00:00
173724,19,W_Completerenaanvraag,2011-10-03 15:37:41+00:00,2011-10-03 11:33:42+00:00
173724,20,A_DECLINED,2011-10-03 15:48:17+00:00,2011-10-03 15:37:41+00:00
173724,21,W_Completerenaanvraag,2011-10-03 15:48:20+00:00,2011-10-03 15:48:17+00:00
173724,22,END,2011-10-03 15:48:21+00:00,2011-10-03 15:48:20+00:00
173727,1,START,2011-10-01 12:08:45+00:00,2011-10-01 12:08:45+00:00
173727,2,A_SUBMITTED,2011-10-01 12:08:46+00:00,2011-10-01 12:08:45+00:00
173727,3,A_PARTLYSUBMITTED,2011-10-01 12:08:46+00:00,2011-10-01 12:08:46+00:00
173727,4,A_DECLINED,2011-10-01 12:09:30+00:00,2011-10-01 12:08:46+00:00
173727,5,END,2011-10-01 12:09:31+00:00,2011-10-01 12:09:30+00:00
173730,1,START,2011-10-01 12:36:07+00:00,2011-10-01 12:36:07+00:00
173730,2,A_SUBMITTED,2011-10-01 12:36:08+00:00,2011-10-01 12:36:07+00:00
173730,3,A_PARTLYSUBMITTED,2011-10-01 12:36:09+00:00,2011-10-01 12:36:08+00:00
173730,4,A_PREACCEPTED,2011-10-01 12:36:59+00:00,2011-10-01 12:36:09+00:00
173730,5,W_Completerenaanvraag,2011-10-01 12:36:59+00:00,2011-10-01 12:36:59+00:00
173730,6,W_Completerenaanvraag,2011-10-01 13:52:49+00:00,2011-10-01 12:36:59+00:00
173730,7,W_Completerenaanvraag,2011-10-01 13:55:31+00:00,2011-10-01 13:52:49+00:00
173730,8,W_Completerenaanvraag,2011-10-01 15:14:58+00:00,2011-10-01 13:55:31+00:00
173730,9,W_Completerenaanvraag,2011-10-01 15:15:12+00:00,2011-10-01 15:14:58+00:00
173730,10,W_Completerenaanvraag,2011-10-01 15:15:21+00:00,2011-10-01 15:15:12+00:00
173730,11,W_Completerenaanvraag,2011-10-01 15:31:19+00:00,2011-10-01 15:15:21+00:00
173730,12,W_Completerenaanvraag,2011-10-01 15:31:39+00:00,2011-10-01 15:31:19+00:00
173730,13,A_ACCEPTED,2011-10-01 15:36:06+00:00,2011-10-01 15:31:39+00:00
173730,14,O_SELECTED,2011-10-01 15:40:08+00:00,2011-10-01 15:36:06+00:00
173730,15,A_FINALIZED,2011-10-01 15:40:08+00:00,2011-10-01 15:40:08+00:00
173730,16,O_CREATED,2011-10-01 15:40:09+00:00,2011-10-01 15:40:08+00:00
173730,17,O_SENT,2011-10-01 15:40:10+00:00,2011-10-01 15:40:09+00:00
173730,18,W_Nabellenoffertes,2011-10-01 15:40:10+00:00,2011-10-01 15:40:10+00:00
173730,19,W_Completerenaanvraag,2011-10-01 15:40:12+00:00,2011-10-01 15:40:10+00:00
173730,20,W_Nabellenoffertes,2011-10-01 15:43:00+00:00,2011-10-01 15:40:12+00:00
173730,21,W_Nabellenoffertes,2011-10-01 15:48:39+00:00,2011-10-01 15:43:00+00:00
173730,22,W_Nabellenoffertes,2011-10-08 16:16:59+00:00,2011-10-01 15:48:39+00:00
173730,23,W_Nabellenoffertes,2011-10-08 16:20:20+00:00,2011-10-08 16:16:59+00:00
173730,24,W_Nabellenoffertes,2011-10-10 20:47:16+00:00,2011-10-08 16:20:20+00:00
173730,25,W_Nabellenoffertes,2011-10-10 20:49:26+00:00,2011-10-10 20:47:16+00:00
173730,26,W_Nabellenoffertes,2011-10-11 10:46:18+00:00,2011-10-10 20:49:26+00:00
173730,27,W_Nabellenoffertes,2011-10-11 10:47:04+00:00,2011-10-11 10:46:18+00:00
173730,28,W_Nabellenoffertes,2011-10-11 19:54:03+00:00,2011-10-11 10:47:04+00:00
173730,29,W_Nabellenoffertes,2011-10-11 19:55:07+00:00,2011-10-11 19:54:03+00:00
173730,30,W_Nabellenoffertes,2011-10-12 15:36:27+00:00,2011-10-11 19:55:07+00:00
173730,31,W_Nabellenoffertes,2011-10-12 15:37:20+00:00,2011-10-12 15:36:27+00:00
173730,32,W_Nabellenoffertes,2011-10-13 18:34:47+00:00,2011-10-12 15:37:20+00:00
173730,33,W_Nabellenoffertes,2011-10-13 18:35:43+00:00,2011-10-13 18:34:47+00:00
173730,34,W_Nabellenoffertes,2011-10-14 10:20:21+00:00,2011-10-13 18:35:43+00:00
173730,35,O_SENT_BACK,2011-10-14 10:21:08+00:00,2011-10-14 10:20:21+00:00
173730,36,W_Validerenaanvraag,2011-10-14 10:21:08+00:00,2011-10-14 10:21:08+00:00
173730,37,W_Nabellenoffertes,2011-10-14 10:21:10+00:00,2011-10-14 10:21:08+00:00
173730,38,W_Validerenaanvraag,2011-10-19 12:25:18+00:00,2011-10-14 10:21:10+00:00
173730,39,W_Nabellenincompletedossiers,2011-10-19 13:20:03+00:00,2011-10-19 12:25:18+00:00
173730,40,W_Validerenaanvraag,2011-10-19 13:20:05+00:00,2011-10-19 13:20:03+00:00
173730,41,W_Nabellenincompletedossiers,2011-10-19 13:23:54+00:00,2011-10-19 13:20:05+00:00
173730,42,W_Nabellenincompletedossiers,2011-10-19 13:32:57+00:00,2011-10-19 13:23:54+00:00
173730,43,W_Nabellenincompletedossiers,2011-10-19 13:34:34+00:00,2011-10-19 13:32:57+00:00
173730,44,W_Nabellenincompletedossiers,2011-10-19 13:36:44+00:00,2011-10-19 13:34:34+00:00
173730,45,W_Nabellenincompletedossiers,2011-10-19 18:55:05+00:00,2011-10-19 13:36:44+00:00
173730,46,W_Nabellenincompletedossiers,2011-10-19 19:11:47+00:00,2011-10-19 18:55:05+00:00
173730,47,W_Nabellenincompletedossiers,2011-10-20 08:10:10+00:00,2011-10-19 19:11:47+00:00
173730,48,W_Validerenaanvraag,2011-10-20 08:10:34+00:00,2011-10-20 08:10:10+00:00
173730,49,W_Nabellenincompletedossiers,2011-10-20 08:10:36+00:00,2011-10-20 08:10:34+00:00
173730,50,W_Validerenaanvraag,2011-10-20 09:37:43+00:00,2011-10-20 08:10:36+00:00
173730,51,W_Nabellenincompletedossiers,2011-10-20 10:08:54+00:00,2011-10-20 09:37:43+00:00
173730,52,W_Validerenaanvraag,2011-10-20 10:08:56+00:00,2011-10-20 10:08:54+00:00
173730,53,W_Nabellenincompletedossiers,2011-10-20 10:18:21+00:00,2011-10-20 10:08:56+00:00
173730,54,W_Nabellenincompletedossiers,2011-10-20 10:27:48+00:00,2011-10-20 10:18:21+00:00
173730,55,W_Nabellenincompletedossiers,2011-10-20 10:43:25+00:00,2011-10-20 10:27:48+00:00
173730,56,W_Validerenaanvraag,2011-10-20 10:45:04+00:00,2011-10-20 10:43:25+00:00
173730,57,W_Nabellenincompletedossiers,2011-10-20 10:45:06+00:00,2011-10-20 10:45:04+00:00
173730,58,W_Validerenaanvraag,2011-10-20 11:55:35+00:00,2011-10-20 10:45:06+00:00
173730,59,W_Nabellenincompletedossiers,2011-10-20 12:00:44+00:00,2011-10-20 11:55:35+00:00
173730,60,W_Validerenaanvraag,2011-10-20 12:00:47+00:00,2011-10-20 12:00:44+00:00
173730,61,W_Nabellenincompletedossiers,2011-10-20 12:19:37+00:00,2011-10-20 12:00:47+00:00
173730,62,W_Nabellenincompletedossiers,2011-10-20 12:32:33+00:00,2011-10-20 12:19:37+00:00
173730,63,W_Nabellenincompletedossiers,2011-10-20 13:51:25+00:00,2011-10-20 12:32:33+00:00
173730,64,W_Nabellenincompletedossiers,2011-10-20 13:52:22+00:00,2011-10-20 13:51:25+00:00
173730,65,W_Nabellenincompletedossiers,2011-10-20 16:25:05+00:00,2011-10-20 13:52:22+00:00
173730,66,W_Validerenaanvraag,2011-10-20 16:25:39+00:00,2011-10-20 16:25:05+00:00
173730,67,W_Nabellenincompletedossiers,2011-10-20 16:25:42+00:00,2011-10-20 16:25:39+00:00
173730,68,W_Validerenaanvraag,2011-10-20 16:55:11+00:00,2011-10-20 16:25:42+00:00
173730,69,W_Validerenaanvraag,2011-10-21 06:15:05+00:00,2011-10-20 16:55:11+00:00
173730,70,W_Validerenaanvraag,2011-10-21 09:01:28+00:00,2011-10-21 06:15:05+00:00
173730,71,W_Validerenaanvraag,2011-10-21 09:05:10+00:00,2011-10-21 09:01:28+00:00
173730,72,W_Validerenaanvraag,2011-10-21 09:06:55+00:00,2011-10-21 09:05:10+00:00
173730,73,O_ACCEPTED,2011-10-21 09:08:14+00:00,2011-10-21 09:06:55+00:00
173730,74,A_ACTIVATED,2011-10-21 09:08:14+00:00,2011-10-21 09:08:14+00:00
173730,75,A_REGISTERED,2011-10-21 09:08:14+00:00,2011-10-21 09:08:14+00:00
173730,76,A_APPROVED,2011-10-21 09:08:14+00:00,2011-10-21 09:08:14+00:00
173730,77,W_Validerenaanvraag,2011-10-21 09:08:21+00:00,2011-10-21 09:08:14+00:00
173730,78,END,2011-10-21 09:08:22+00:00,2011-10-21 09:08:21+00:00
173733,1,START,2011-10-01 12:39:33+00:00,2011-10-01 12:39:33+00:00
173733,2,A_SUBMITTED,2011-10-01 12:39:34+00:00,2011-10-01 12:39:33+00:00
173733,3,A_PARTLYSUBMITTED,2011-10-01 12:39:34+00:00,2011-10-01 12:39:34+00:00
173733,4,W_Afhandelenleads,2011-10-01 12:40:14+00:00,2011-10-01 12:39:34+00:00
173733,5,W_Afhandelenleads,2011-10-01 14:54:11+00:00,2011-10-01 12:40:14+00:00
173733,6,A_DECLINED,2011-10-01 14:54:53+00:00,2011-10-01 14:54:11+00:00
173733,7,W_Afhandelenleads,2011-10-01 14:54:56+00:00,2011-10-01 14:54:53+00:00
173733,8,END,2011-10-01 14:54:57+00:00,2011-10-01 14:54:56+00:00
173736,1,START,2011-10-01 13:01:57+00:00,2011-10-01 13:01:57+00:00
173736,2,A_SUBMITTED,2011-10-01 13:01:58+00:00,2011-10-01 13:01:57+00:00
173736,3,A_PARTLYSUBMITTED,2011-10-01 13:01:59+00:00,2011-10-01 13:01:58+00:00
173736,4,A_PREACCEPTED,2011-10-01 13:02:44+00:00,2011-10-01 13:01:59+00:00
173736,5,W_Completerenaanvraag,2011-10-01 13:02:44+00:00,2011-10-01 13:02:44+00:00
173736,6,W_Completerenaanvraag,2011-10-01 15:25:56+00:00,2011-10-01 13:02:44+00:00
173736,7,W_Completerenaanvraag,2011-10-01 15:40:09+00:00,2011-10-01 15:25:56+00:00
173736,8,W_Completerenaanvraag,2011-10-01 15:49:16+00:00,2011-10-01 15:40:09+00:00
173736,9,W_Completerenaanvraag,2011-10-01 15:55:45+00:00,2011-10-01 15:49:16+00:00
173736,10,W_Completerenaanvraag,2011-10-01 15:56:00+00:00,2011-10-01 15:55:45+00:00
173736,11,A_ACCEPTED,2011-10-01 16:00:15+00:00,2011-10-01 15:56:00+00:00
173736,12,A_FINALIZED,2011-10-01 16:05:26+00:00,2011-10-01 16:00:15+00:00
173736,13,O_SELECTED,2011-10-01 16:05:26+00:00,2011-10-01 16:05:26+00:00
173736,14,O_CREATED,2011-10-01 16:05:27+00:00,2011-10-01 16:05:26+00:00
173736,15,O_SENT,2011-10-01 16:05:27+00:00,2011-10-01 16:05:27+00:00
173736,16,W_Nabellenoffertes,2011-10-01 16:05:27+00:00,2011-10-01 16:05:27+00:00
173736,17,W_Completerenaanvraag,2011-10-01 16:05:28+00:00,2011-10-01 16:05:27+00:00
173736,18,W_Nabellenoffertes,2011-10-04 12:56:41+00:00,2011-10-01 16:05:28+00:00
173736,19,O_SELECTED,2011-10-04 12:59:20+00:00,2011-10-04 12:56:41+00:00
173736,20,O_CANCELLED,2011-10-04 12:59:20+00:00,2011-10-04 12:59:20+00:00
173736,21,O_CREATED,2011-10-04 12:59:21+00:00,2011-10-04 12:59:20+00:00
173736,22,O_SENT,2011-10-04 12:59:21+00:00,2011-10-04 12:59:21+00:00
173736,23,W_Nabellenoffertes,2011-10-04 12:59:21+00:00,2011-10-04 12:59:21+00:00
173736,24,W_Nabellenoffertes,2011-10-04 12:59:22+00:00,2011-10-04 12:59:21+00:00
173736,25,W_Nabellenoffertes,2011-10-10 13:33:49+00:00,2011-10-04 12:59:22+00:00
173736,26,O_SENT_BACK,2011-10-10 13:33:58+00:00,2011-10-10 13:33:49+00:00
173736,27,W_Validerenaanvraag,2011-10-10 13:33:58+00:00,2011-10-10 13:33:58+00:00
173736,28,W_Nabellenoffertes,2011-10-10 13:34:00+00:00,2011-10-10 13:33:58+00:00
173736,29,W_Validerenaanvraag,2011-10-13 10:30:56+00:00,2011-10-10 13:34:00+00:00
173736,30,W_Nabellenincompletedossiers,2011-10-13 10:49:07+00:00,2011-10-13 10:30:56+00:00
173736,31,W_Validerenaanvraag,2011-10-13 10:49:09+00:00,2011-10-13 10:49:07+00:00
173736,32,W_Nabellenincompletedossiers,2011-10-13 10:58:34+00:00,2011-10-13 10:49:09+00:00
173736,33,W_Nabellenincompletedossiers,2011-10-13 11:03:37+00:00,2011-10-13 10:58:34+00:00
173736,34,W_Nabellenincompletedossiers,2011-10-13 11:04:05+00:00,2011-10-13 11:03:37+00:00
173736,35,W_Nabellenincompletedossiers,2011-10-13 11:06:33+00:00,2011-10-13 11:04:05+00:00
173736,36,W_Nabellenincompletedossiers,2011-10-13 11:06:53+00:00,2011-10-13 11:06:33+00:00
173736,37,W_Nabellenincompletedossiers,2011-10-13 11:08:21+00:00,2011-10-13 11:06:53+00:00
173736,38,W_Nabellenincompletedossiers,2011-10-13 11:27:32+00:00,2011-10-13 11:08:21+00:00
173736,39,O_SELECTED,2011-10-13 11:36:52+00:00,2011-10-13 11:27:32+00:00
173736,40,O_CANCELLED,2011-10-13 11:36:52+00:00,2011-10-13 11:36:52+00:00
173736,41,O_CREATED,2011-10-13 11:36:53+00:00,2011-10-13 11:36:52+00:00
173736,42,O_SENT,2011-10-13 11:36:53+00:00,2011-10-13 11:36:53+00:00
173736,43,W_Nabellenincompletedossiers,2011-10-13 11:36:53+00:00,2011-10-13 11:36:53+00:00
173736,44,W_Nabellenincompletedossiers,2011-10-13 11:36:55+00:00,2011-10-13 11:36:53+00:00
173736,45,W_Nabellenincompletedossiers,2011-10-13 12:14:36+00:00,2011-10-13 11:36:55+00:00
173736,46,W_Nabellenincompletedossiers,2011-10-13 12:16:30+00:00,2011-10-13 12:14:36+00:00
173736,47,W_Nabellenincompletedossiers,2011-10-18 10:20:13+00:00,2011-10-13 12:16:30+00:00
173736,48,O_SENT_BACK,2011-10-18 10:20:36+00:00,2011-10-18 10:20:13+00:00
173736,49,W_Validerenaanvraag,2011-10-18 10:20:36+00:00,2011-10-18 10:20:36+00:00
173736,50,W_Nabellenincompletedossiers,2011-10-18 10:20:38+00:00,2011-10-18 10:20:36+00:00
173736,51,W_Validerenaanvraag,2011-10-18 11:50:29+00:00,2011-10-18 10:20:38+00:00
173736,52,O_ACCEPTED,2011-10-18 12:01:28+00:00,2011-10-18 11:50:29+00:00
173736,53,A_APPROVED,2011-10-18 12:01:28+00:00,2011-10-18 12:01:28+00:00
173736,54,A_REGISTERED,2011-10-18 12:01:28+00:00,2011-10-18 12:01:28+00:00
173736,55,A_ACTIVATED,2011-10-18 12:01:28+00:00,2011-10-18 12:01:28+00:00
173736,56,W_Validerenaanvraag,2011-10-18 12:01:37+00:00,2011-10-18 12:01:28+00:00
173736,57,END,2011-10-18 12:01:38+00:00,2011-10-18 12:01:37+00:00
173739,1,START,2011-10-01 13:12:57+00:00,2011-10-01 13:12:57+00:00
173739,2,A_SUBMITTED,2011-10-01 13:12:58+00:00,2011-10-01 13:12:57+00:00
173739,3,A_PARTLYSUBMITTED,2011-10-01 13:12:58+00:00,2011-10-01 13:12:58+00:00
173739,4,A_PREACCEPTED,2011-10-01 13:13:42+00:00,2011-10-01 13:12:58+00:00
173739,5,W_Completerenaanvraag,2011-10-01 13:13:42+00:00,2011-10-01 13:13:42+00:00
173739,6,W_Completerenaanvraag,2011-10-01 15:26:10+00:00,2011-10-01 13:13:42+00:00
173739,7,W_Completerenaanvraag,2011-10-01 15:27:27+00:00,2011-10-01 15:26:10+00:00
173739,8,W_Completerenaanvraag,2011-10-01 15:39:44+00:00,2011-10-01 15:27:27+00:00
173739,9,W_Completerenaanvraag,2011-10-01 15:42:01+00:00,2011-10-01 15:39:44+00:00
173739,10,W_Completerenaanvraag,2011-10-01 15:44:57+00:00,2011-10-01 15:42:01+00:00
173739,11,A_ACCEPTED,2011-10-01 15:54:11+00:00,2011-10-01 15:44:57+00:00
173739,12,O_SELECTED,2011-10-01 15:56:39+00:00,2011-10-01 15:54:11+00:00
173739,13,A_FINALIZED,2011-10-01 15:56:39+00:00,2011-10-01 15:56:39+00:00
173739,14,O_CREATED,2011-10-01 15:56:40+00:00,2011-10-01 15:56:39+00:00
173739,15,O_SENT,2011-10-01 15:56:40+00:00,2011-10-01 15:56:40+00:00
173739,16,W_Nabellenoffertes,2011-10-01 15:56:40+00:00,2011-10-01 15:56:40+00:00
173739,17,W_Completerenaanvraag,2011-10-01 15:56:43+00:00,2011-10-01 15:56:40+00:00
173739,18,W_Nabellenoffertes,2011-10-01 16:00:15+00:00,2011-10-01 15:56:43+00:00
173739,19,W_Nabellenoffertes,2011-10-01 16:00:21+00:00,2011-10-01 16:00:15+00:00
173739,20,W_Nabellenoffertes,2011-10-08 15:27:11+00:00,2011-10-01 16:00:21+00:00
173739,21,W_Nabellenoffertes,2011-10-08 15:32:48+00:00,2011-10-08 15:27:11+00:00
173739,22,W_Nabellenoffertes,2011-10-11 10:18:32+00:00,2011-10-08 15:32:48+00:00
173739,23,O_SENT_BACK,2011-10-11 10:19:12+00:00,2011-10-11 10:18:32+00:00
173739,24,W_Validerenaanvraag,2011-10-11 10:19:12+00:00,2011-10-11 10:19:12+00:00
173739,25,W_Nabellenoffertes,2011-10-11 10:19:14+00:00,2011-10-11 10:19:12+00:00
173739,26,W_Validerenaanvraag,2011-10-13 12:56:47+00:00,2011-10-11 10:19:14+00:00
173739,27,W_Validerenaanvraag,2011-10-13 13:12:26+00:00,2011-10-13 12:56:47+00:00
173739,28,W_Validerenaanvraag,2011-10-13 14:30:14+00:00,2011-10-13 13:12:26+00:00
173739,29,W_Nabellenincompletedossiers,2011-10-13 15:04:17+00:00,2011-10-13 14:30:14+00:00
173739,30,W_Validerenaanvraag,2011-10-13 15:04:19+00:00,2011-10-13 15:04:17+00:00
173739,31,W_Nabellenincompletedossiers,2011-10-13 19:54:43+00:00,2011-10-13 15:04:19+00:00
173739,32,W_Nabellenincompletedossiers,2011-10-13 20:01:47+00:00,2011-10-13 19:54:43+00:00
173739,33,W_Nabellenincompletedossiers,2011-10-14 10:05:16+00:00,2011-10-13 20:01:47+00:00
173739,34,W_Nabellenincompletedossiers,2011-10-14 10:06:41+00:00,2011-10-14 10:05:16+00:00
173739,35,W_Nabellenincompletedossiers,2011-10-14 13:19:03+00:00,2011-10-14 10:06:41+00:00
173739,36,W_Nabellenincompletedossiers,2011-10-14 13:19:58+00:00,2011-10-14 13:19:03+00:00
173739,37,W_Nabellenincompletedossiers,2011-10-14 13:35:53+00:00,2011-10-14 13:19:58+00:00
173739,38,W_Nabellenincompletedossiers,2011-10-14 13:37:05+00:00,2011-10-14 13:35:53+00:00
173739,39,W_Nabellenincompletedossiers,2011-10-14 14:04:14+00:00,2011-10-14 13:37:05+00:00
173739,40,W_Nabellenincompletedossiers,2011-10-14 14:05:18+00:00,2011-10-14 14:04:14+00:00
173739,41,W_Nabellenincompletedossiers,2011-10-14 15:48:25+00:00,2011-10-14 14:05:18+00:00
173739,42,W_Validerenaanvraag,2011-10-14 15:49:16+00:00,2011-10-14 15:48:25+00:00
173739,43,W_Nabellenincompletedossiers,2011-10-14 15:49:18+00:00,2011-10-14 15:49:16+00:00
173739,44,W_Validerenaanvraag,2011-10-14 16:21:08+00:00,2011-10-14 15:49:18+00:00
173739,45,O_ACCEPTED,2011-10-14 16:22:47+00:00,2011-10-14 16:21:08+00:00
173739,46,A_REGISTERED,2011-10-14 16:22:47+00:00,2011-10-14 16:22:47+00:00
173739,47,A_APPROVED,2011-10-14 16:22:47+00:00,2011-10-14 16:22:47+00:00
173739,48,A_ACTIVATED,2011-10-14 16:22:47+00:00,2011-10-14 16:22:47+00:00
173739,49,W_Validerenaanvraag,2011-10-14 16:22:55+00:00,2011-10-14 16:22:47+00:00
173739,50,END,2011-10-14 16:22:56+00:00,2011-10-14 16:22:55+00:00
173742,1,START,2011-10-01 13:44:11+00:00,2011-10-01 13:44:11+00:00
173742,2,A_SUBMITTED,2011-10-01 13:44:12+00:00,2011-10-01 13:44:11+00:00
173742,3,A_PARTLYSUBMITTED,2011-10-01 13:44:12+00:00,2011-10-01 13:44:12+00:00
173742,4,W_Afhandelenleads,2011-10-01 13:44:28+00:00,2011-10-01 13:44:12+00:00
173742,5,W_Afhandelenleads,2011-10-01 14:54:59+00:00,2011-10-01 13:44:28+00:00
173742,6,A_PREACCEPTED,2011-10-01 14:56:21+00:00,2011-10-01 14:54:59+00:00
173742,7,W_Completerenaanvraag,2011-10-01 14:56:21+00:00,2011-10-01 14:56:21+00:00
173742,8,W_Afhandelenleads,2011-10-01 14:56:22+00:00,2011-10-01 14:56:21+00:00
173742,9,W_Completerenaanvraag,2011-10-01 15:43:28+00:00,2011-10-01 14:56:22+00:00
173742,10,W_Completerenaanvraag,2011-10-01 15:50:01+00:00,2011-10-01 15:43:28+00:00
173742,11,W_Completerenaanvraag,2011-10-03 12:55:29+00:00,2011-10-01 15:50:01+00:00
173742,12,W_Completerenaanvraag,2011-10-03 12:56:17+00:00,2011-10-03 12:55:29+00:00
173742,13,W_Completerenaanvraag,2011-10-03 15:53:14+00:00,2011-10-03 12:56:17+00:00
173742,14,W_Completerenaanvraag,2011-10-03 15:55:10+00:00,2011-10-03 15:53:14+00:00
173742,15,W_Completerenaanvraag,2011-10-04 11:30:57+00:00,2011-10-03 15:55:10+00:00
173742,16,W_Completerenaanvraag,2011-10-04 11:35:15+00:00,2011-10-04 11:30:57+00:00
173742,17,W_Completerenaanvraag,2011-10-04 13:25:26+00:00,2011-10-04 11:35:15+00:00
173742,18,W_Completerenaanvraag,2011-10-04 13:26:21+00:00,2011-10-04 13:25:26+00:00
173742,19,W_Completerenaanvraag,2011-10-04 17:26:11+00:00,2011-10-04 13:26:21+00:00
173742,20,W_Completerenaanvraag,2011-10-04 17:27:09+00:00,2011-10-04 17:26:11+00:00
173742,21,W_Completerenaanvraag,2011-10-05 09:31:37+00:00,2011-10-04 17:27:09+00:00
173742,22,W_Completerenaanvraag,2011-10-05 09:32:15+00:00,2011-10-05 09:31:37+00:00
173742,23,W_Completerenaanvraag,2011-10-05 13:27:38+00:00,2011-10-05 09:32:15+00:00
173742,24,W_Completerenaanvraag,2011-10-05 13:28:37+00:00,2011-10-05 13:27:38+00:00
173742,25,W_Completerenaanvraag,2011-10-05 18:13:44+00:00,2011-10-05 13:28:37+00:00
173742,26,W_Completerenaanvraag,2011-10-05 18:14:09+00:00,2011-10-05 18:13:44+00:00
173742,27,W_Completerenaanvraag,2011-10-05 18:51:28+00:00,2011-10-05 18:14:09+00:00
173742,28,W_Completerenaanvraag,2011-10-05 18:53:18+00:00,2011-10-05 18:51:28+00:00
173742,29,W_Completerenaanvraag,2011-10-06 09:59:11+00:00,2011-10-05 18:53:18+00:00
173742,30,W_Completerenaanvraag,2011-10-06 10:00:04+00:00,2011-10-06 09:59:11+00:00
173742,31,W_Completerenaanvraag,2011-10-06 20:53:12+00:00,2011-10-06 10:00:04+00:00
173742,32,W_Completerenaanvraag,2011-10-06 20:54:12+00:00,2011-10-06 20:53:12+00:00
173742,33,W_Completerenaanvraag,2011-10-07 18:33:31+00:00,2011-10-06 20:54:12+00:00
173742,34,W_Completerenaanvraag,2011-10-07 18:34:58+00:00,2011-10-07 18:33:31+00:00
173742,35,W_Completerenaanvraag,2011-10-08 10:49:43+00:00,2011-10-07 18:34:58+00:00
173742,36,W_Completerenaanvraag,2011-10-08 10:51:27+00:00,2011-10-08 10:49:43+00:00
173742,37,W_Completerenaanvraag,2011-10-08 11:27:14+00:00,2011-10-08 10:51:27+00:00
173742,38,W_Completerenaanvraag,2011-10-08 11:30:22+00:00,2011-10-08 11:27:14+00:00
173742,39,W_Completerenaanvraag,2011-10-14 15:45:14+00:00,2011-10-08 11:30:22+00:00
173742,40,A_DECLINED,2011-10-14 15:52:04+00:00,2011-10-14 15:45:14+00:00
173742,41,W_Completerenaanvraag,2011-10-14 15:52:09+00:00,2011-10-14 15:52:04+00:00
173742,42,END,2011-10-14 15:52:10+00:00,2011-10-14 15:52:09+00:00
173745,1,START,2011-10-01 14:08:15+00:00,2011-10-01 14:08:15+00:00
173745,2,A_SUBMITTED,2011-10-01 14:08:16+00:00,2011-10-01 14:08:15+00:00
173745,3,A_PARTLYSUBMITTED,2011-10-01 14:08:16+00:00,2011-10-01 14:08:16+00:00
173745,4,W_Afhandelenleads,2011-10-01 14:08:29+00:00,2011-10-01 14:08:16+00:00
173745,5,W_Afhandelenleads,2011-10-01 15:19:46+00:00,2011-10-01 14:08:29+00:00
173745,6,A_PREACCEPTED,2011-10-01 15:21:26+00:00,2011-10-01 15:19:46+00:00
173745,7,W_Completerenaanvraag,2011-10-01 15:21:26+00:00,2011-10-01 15:21:26+00:00
173745,8,W_Afhandelenleads,2011-10-01 15:21:27+00:00,2011-10-01 15:21:26+00:00
173745,9,W_Completerenaanvraag,2011-10-01 15:49:47+00:00,2011-10-01 15:21:27+00:00
173745,10,A_ACCEPTED,2011-10-01 15:55:33+00:00,2011-10-01 15:49:47+00:00
173745,11,O_SELECTED,2011-10-01 15:58:41+00:00,2011-10-01 15:55:33+00:00
173745,12,A_FINALIZED,2011-10-01 15:58:41+00:00,2011-10-01 15:58:41+00:00
173745,13,O_CREATED,2011-10-01 15:58:44+00:00,2011-10-01 15:58:41+00:00
173745,14,O_SENT,2011-10-01 15:58:44+00:00,2011-10-01 15:58:44+00:00
173745,15,W_Nabellenoffertes,2011-10-01 15:58:44+00:00,2011-10-01 15:58:44+00:00
173745,16,W_Completerenaanvraag,2011-10-01 15:58:47+00:00,2011-10-01 15:58:44+00:00
173745,17,W_Nabellenoffertes,2011-10-08 12:37:54+00:00,2011-10-01 15:58:47+00:00
173745,18,O_CANCELLED,2011-10-08 12:45:57+00:00,2011-10-08 12:37:54+00:00
173745,19,A_CANCELLED,2011-10-08 12:45:57+00:00,2011-10-08 12:45:57+00:00
173745,20,W_Nabellenoffertes,2011-10-08 12:45:59+00:00,2011-10-08 12:45:57+00:00
173745,21,END,2011-10-08 12:46:00+00:00,2011-10-08 12:45:59+00:00
173748,1,START,2011-10-01 14:09:15+00:00,2011-10-01 14:09:15+00:00
173748,2,A_SUBMITTED,2011-10-01 14:09:16+00:00,2011-10-01 14:09:15+00:00
173748,3,A_PARTLYSUBMITTED,2011-10-01 14:09:16+00:00,2011-10-01 14:09:16+00:00
173748,4,W_Afhandelenleads,2011-10-01 14:10:03+00:00,2011-10-01 14:09:16+00:00
173748,5,W_Afhandelenleads,2011-10-01 15:21:30+00:00,2011-10-01 14:10:03+00:00
173748,6,A_PREACCEPTED,2011-10-01 15:24:16+00:00,2011-10-01 15:21:30+00:00
173748,7,W_Completerenaanvraag,2011-10-01 15:24:16+00:00,2011-10-01 15:24:16+00:00
173748,8,W_Afhandelenleads,2011-10-01 15:24:17+00:00,2011-10-01 15:24:16+00:00
173748,9,W_Completerenaanvraag,2011-10-01 15:56:55+00:00,2011-10-01 15:24:17+00:00
173748,10,W_Completerenaanvraag,2011-10-01 15:57:08+00:00,2011-10-01 15:56:55+00:00
173748,11,W_Completerenaanvraag,2011-10-01 15:57:12+00:00,2011-10-01 15:57:08+00:00
173748,12,W_Completerenaanvraag,2011-10-01 15:57:18+00:00,2011-10-01 15:57:12+00:00
173748,13,W_Completerenaanvraag,2011-10-01 16:00:06+00:00,2011-10-01 15:57:18+00:00
173748,14,W_Completerenaanvraag,2011-10-01 16:00:29+00:00,2011-10-01 16:00:06+00:00
173748,15,W_Completerenaanvraag,2011-10-01 16:01:55+00:00,2011-10-01 16:00:29+00:00
173748,16,W_Completerenaanvraag,2011-10-01 16:09:35+00:00,2011-10-01 16:01:55+00:00
173748,17,W_Completerenaanvraag,2011-10-01 16:27:43+00:00,2011-10-01 16:09:35+00:00
173748,18,A_ACCEPTED,2011-10-01 16:33:21+00:00,2011-10-01 16:27:43+00:00
173748,19,A_FINALIZED,2011-10-01 16:36:44+00:00,2011-10-01 16:33:21+00:00
173748,20,O_SELECTED,2011-10-01 16:36:44+00:00,2011-10-01 16:36:44+00:00
173748,21,O_CREATED,2011-10-01 16:37:32+00:00,2011-10-01 16:36:44+00:00
173748,22,O_SENT,2011-10-01 16:37:32+00:00,2011-10-01 16:37:32+00:00
173748,23,W_Nabellenoffertes,2011-10-01 16:37:32+00:00,2011-10-01 16:37:32+00:00
173748,24,W_Completerenaanvraag,2011-10-01 16:37:33+00:00,2011-10-01 16:37:32+00:00
173748,25,W_Nabellenoffertes,2011-10-01 16:37:45+00:00,2011-10-01 16:37:33+00:00
173748,26,W_Nabellenoffertes,2011-10-01 16:39:20+00:00,2011-10-01 16:37:45+00:00
173748,27,W_Nabellenoffertes,2011-10-01 16:41:24+00:00,2011-10-01 16:39:20+00:00
173748,28,O_CANCELLED,2011-10-01 16:42:16+00:00,2011-10-01 16:41:24+00:00
173748,29,O_SELECTED,2011-10-01 16:42:16+00:00,2011-10-01 16:42:16+00:00
173748,30,O_CREATED,2011-10-01 16:42:17+00:00,2011-10-01 16:42:16+00:00
173748,31,O_SENT,2011-10-01 16:42:17+00:00,2011-10-01 16:42:17+00:00
173748,32,W_Nabellenoffertes,2011-10-01 16:42:17+00:00,2011-10-01 16:42:17+00:00
173748,33,W_Nabellenoffertes,2011-10-01 16:42:18+00:00,2011-10-01 16:42:17+00:00
173748,34,W_Nabellenoffertes,2011-10-01 16:42:41+00:00,2011-10-01 16:42:18+00:00
173748,35,W_Nabellenoffertes,2011-10-01 16:48:25+00:00,2011-10-01 16:42:41+00:00
173748,36,W_Nabellenoffertes,2011-10-03 16:35:29+00:00,2011-10-01 16:48:25+00:00
173748,37,A_DECLINED,2011-10-03 16:44:19+00:00,2011-10-03 16:35:29+00:00
173748,38,O_DECLINED,2011-10-03 16:44:19+00:00,2011-10-03 16:44:19+00:00
173748,39,W_Nabellenoffertes,2011-10-03 16:44:24+00:00,2011-10-03 16:44:19+00:00
173748,40,END,2011-10-03 16:44:25+00:00,2011-10-03 16:44:24+00:00
173751,1,START,2011-10-01 14:14:38+00:00,2011-10-01 14:14:38+00:00
173751,2,A_SUBMITTED,2011-10-01 14:14:39+00:00,2011-10-01 14:14:38+00:00
173751,3,A_PARTLYSUBMITTED,2011-10-01 14:14:39+00:00,2011-10-01 14:14:39+00:00
173751,4,A_PREACCEPTED,2011-10-01 14:15:21+00:00,2011-10-01 14:14:39+00:00
173751,5,W_Completerenaanvraag,2011-10-01 14:15:21+00:00,2011-10-01 14:15:21+00:00
173751,6,W_Completerenaanvraag,2011-10-01 15:27:54+00:00,2011-10-01 14:15:21+00:00
173751,7,W_Completerenaanvraag,2011-10-01 15:34:03+00:00,2011-10-01 15:27:54+00:00
173751,8,W_Completerenaanvraag,2011-10-01 16:39:01+00:00,2011-10-01 15:34:03+00:00
173751,9,A_ACCEPTED,2011-10-01 16:43:08+00:00,2011-10-01 16:39:01+00:00
173751,10,A_FINALIZED,2011-10-01 16:49:59+00:00,2011-10-01 16:43:08+00:00
173751,11,O_SELECTED,2011-10-01 16:49:59+00:00,2011-10-01 16:49:59+00:00
173751,12,O_CREATED,2011-10-01 16:50:00+00:00,2011-10-01 16:49:59+00:00
173751,13,O_SENT,2011-10-01 16:50:01+00:00,2011-10-01 16:50:00+00:00
173751,14,W_Nabellenoffertes,2011-10-01 16:50:01+00:00,2011-10-01 16:50:01+00:00
173751,15,W_Completerenaanvraag,2011-10-01 16:50:03+00:00,2011-10-01 16:50:01+00:00
173751,16,W_Nabellenoffertes,2011-10-07 12:40:09+00:00,2011-10-01 16:50:03+00:00
173751,17,O_SENT_BACK,2011-10-07 12:40:18+00:00,2011-10-07 12:40:09+00:00
173751,18,W_Validerenaanvraag,2011-10-07 12:40:18+00:00,2011-10-07 12:40:18+00:00
173751,19,W_Nabellenoffertes,2011-10-07 12:40:20+00:00,2011-10-07 12:40:18+00:00
173751,20,W_Validerenaanvraag,2011-10-11 10:28:50+00:00,2011-10-07 12:40:20+00:00
173751,21,O_ACCEPTED,2011-10-11 10:39:30+00:00,2011-10-11 10:28:50+00:00
173751,22,A_REGISTERED,2011-10-11 10:39:30+00:00,2011-10-11 10:39:30+00:00
173751,23,A_ACTIVATED,2011-10-11 10:39:30+00:00,2011-10-11 10:39:30+00:00
173751,24,A_APPROVED,2011-10-11 10:39:30+00:00,2011-10-11 10:39:30+00:00
173751,25,W_Validerenaanvraag,2011-10-11 10:39:37+00:00,2011-10-11 10:39:30+00:00
173751,26,END,2011-10-11 10:39:38+00:00,2011-10-11 10:39:37+00:00
173754,1,START,2011-10-01 14:50:08+00:00,2011-10-01 14:50:08+00:00
173754,2,A_SUBMITTED,2011-10-01 14:50:09+00:00,2011-10-01 14:50:08+00:00
173754,3,A_PARTLYSUBMITTED,2011-10-01 14:50:11+00:00,2011-10-01 14:50:09+00:00
173754,4,A_PREACCEPTED,2011-10-01 14:50:51+00:00,2011-10-01 14:50:11+00:00
173754,5,W_Completerenaanvraag,2011-10-01 14:50:51+00:00,2011-10-01 14:50:51+00:00
173754,6,W_Completerenaanvraag,2011-10-01 15:34:08+00:00,2011-10-01 14:50:51+00:00
173754,7,W_Completerenaanvraag,2011-10-01 15:44:41+00:00,2011-10-01 15:34:08+00:00
173754,8,W_Completerenaanvraag,2011-10-01 15:57:20+00:00,2011-10-01 15:44:41+00:00
173754,9,W_Completerenaanvraag,2011-10-01 16:00:04+00:00,2011-10-01 15:57:20+00:00
173754,10,W_Completerenaanvraag,2011-10-03 12:56:25+00:00,2011-10-01 16:00:04+00:00
173754,11,W_Completerenaanvraag,2011-10-03 12:57:19+00:00,2011-10-03 12:56:25+00:00
173754,12,W_Completerenaanvraag,2011-10-04 09:26:08+00:00,2011-10-03 12:57:19+00:00
173754,13,W_Completerenaanvraag,2011-10-04 09:28:25+00:00,2011-10-04 09:26:08+00:00
173754,14,W_Completerenaanvraag,2011-10-04 13:19:33+00:00,2011-10-04 09:28:25+00:00
173754,15,W_Completerenaanvraag,2011-10-04 13:23:24+00:00,2011-10-04 13:19:33+00:00
173754,16,W_Completerenaanvraag,2011-10-04 17:56:08+00:00,2011-10-04 13:23:24+00:00
173754,17,W_Completerenaanvraag,2011-10-04 17:57:28+00:00,2011-10-04 17:56:08+00:00
173754,18,W_Completerenaanvraag,2011-10-05 09:51:21+00:00,2011-10-04 17:57:28+00:00
173754,19,W_Completerenaanvraag,2011-10-05 09:52:18+00:00,2011-10-05 09:51:21+00:00
173754,20,W_Completerenaanvraag,2011-10-05 13:51:17+00:00,2011-10-05 09:52:18+00:00
173754,21,W_Completerenaanvraag,2011-10-05 13:52:14+00:00,2011-10-05 13:51:17+00:00
173754,22,W_Completerenaanvraag,2011-10-05 18:35:43+00:00,2011-10-05 13:52:14+00:00
173754,23,W_Completerenaanvraag,2011-10-05 18:39:11+00:00,2011-10-05 18:35:43+00:00
173754,24,W_Completerenaanvraag,2011-10-06 09:57:22+00:00,2011-10-05 18:39:11+00:00
173754,25,W_Completerenaanvraag,2011-10-06 09:59:11+00:00,2011-10-06 09:57:22+00:00
173754,26,W_Completerenaanvraag,2011-10-07 09:18:08+00:00,2011-10-06 09:59:11+00:00
173754,27,W_Completerenaanvraag,2011-10-07 09:18:19+00:00,2011-10-07 09:18:08+00:00
173754,28,W_Completerenaanvraag,2011-10-07 18:40:54+00:00,2011-10-07 09:18:19+00:00
173754,29,W_Completerenaanvraag,2011-10-07 18:41:57+00:00,2011-10-07 18:40:54+00:00
173754,30,W_Completerenaanvraag,2011-10-08 11:07:09+00:00,2011-10-07 18:41:57+00:00
173754,31,W_Completerenaanvraag,2011-10-08 11:12:22+00:00,2011-10-08 11:07:09+00:00
173754,32,W_Completerenaanvraag,2011-10-14 13:49:41+00:00,2011-10-08 11:12:22+00:00
173754,33,W_Completerenaanvraag,2011-10-14 13:51:42+00:00,2011-10-14 13:49:41+00:00
173754,34,W_Completerenaanvraag,2011-10-14 13:52:12+00:00,2011-10-14 13:51:42+00:00
173754,35,W_Completerenaanvraag,2011-10-14 13:52:59+00:00,2011-10-14 13:52:12+00:00
173754,36,W_Completerenaanvraag,2011-10-14 14:26:08+00:00,2011-10-14 13:52:59+00:00
173754,37,W_Beoordelenfraude,2011-10-14 14:26:29+00:00,2011-10-14 14:26:08+00:00
173754,38,W_Completerenaanvraag,2011-10-14 14:26:30+00:00,2011-10-14 14:26:29+00:00
173754,39,W_Beoordelenfraude,2011-10-14 14:26:43+00:00,2011-10-14 14:26:30+00:00
173754,40,W_Beoordelenfraude,2011-10-14 14:26:59+00:00,2011-10-14 14:26:43+00:00
173754,41,W_Beoordelenfraude,2011-10-14 14:27:33+00:00,2011-10-14 14:26:59+00:00
173754,42,A_DECLINED,2011-10-14 14:28:39+00:00,2011-10-14 14:27:33+00:00
173754,43,W_Beoordelenfraude,2011-10-14 14:28:41+00:00,2011-10-14 14:28:39+00:00
173754,44,END,2011-10-14 14:28:42+00:00,2011-10-14 14:28:41+00:00
173757,1,START,2011-10-01 15:02:57+00:00,2011-10-01 15:02:57+00:00
173757,2,A_SUBMITTED,2011-10-01 15:02:58+00:00,2011-10-01 15:02:57+00:00
173757,3,A_PARTLYSUBMITTED,2011-10-01 15:02:58+00:00,2011-10-01 15:02:58+00:00
173757,4,A_DECLINED,2011-10-01 15:03:36+00:00,2011-10-01 15:02:58+00:00
173757,5,END,2011-10-01 15:03:37+00:00,2011-10-01 15:03:36+00:00
173760,1,START,2011-10-01 15:15:16+00:00,2011-10-01 15:15:16+00:00
173760,2,A_SUBMITTED,2011-10-01 15:15:17+00:00,2011-10-01 15:15:16+00:00
173760,3,A_PARTLYSUBMITTED,2011-10-01 15:15:17+00:00,2011-10-01 15:15:17+00:00
173760,4,A_PREACCEPTED,2011-10-01 15:15:57+00:00,2011-10-01 15:15:17+00:00
173760,5,W_Completerenaanvraag,2011-10-01 15:15:57+00:00,2011-10-01 15:15:57+00:00
173760,6,W_Completerenaanvraag,2011-10-01 15:49:25+00:00,2011-10-01 15:15:57+00:00
173760,7,A_ACCEPTED,2011-10-01 15:56:34+00:00,2011-10-01 15:49:25+00:00
173760,8,A_FINALIZED,2011-10-01 16:01:43+00:00,2011-10-01 15:56:34+00:00
173760,9,O_SELECTED,2011-10-01 16:01:43+00:00,2011-10-01 16:01:43+00:00
173760,10,O_CREATED,2011-10-01 16:01:44+00:00,2011-10-01 16:01:43+00:00
173760,11,O_SENT,2011-10-01 16:01:44+00:00,2011-10-01 16:01:44+00:00
173760,12,W_Nabellenoffertes,2011-10-01 16:01:44+00:00,2011-10-01 16:01:44+00:00
173760,13,W_Completerenaanvraag,2011-10-01 16:01:45+00:00,2011-10-01 16:01:44+00:00
173760,14,W_Nabellenoffertes,2011-10-08 12:32:54+00:00,2011-10-01 16:01:45+00:00
173760,15,W_Nabellenoffertes,2011-10-08 12:34:58+00:00,2011-10-08 12:32:54+00:00
173760,16,W_Nabellenoffertes,2011-10-10 19:51:46+00:00,2011-10-08 12:34:58+00:00
173760,17,W_Nabellenoffertes,2011-10-10 19:52:09+00:00,2011-10-10 19:51:46+00:00
173760,18,W_Nabellenoffertes,2011-10-11 10:58:47+00:00,2011-10-10 19:52:09+00:00
173760,19,O_SENT_BACK,2011-10-11 11:01:37+00:00,2011-10-11 10:58:47+00:00
173760,20,W_Validerenaanvraag,2011-10-11 11:01:37+00:00,2011-10-11 11:01:37+00:00
173760,21,W_Nabellenoffertes,2011-10-11 11:01:39+00:00,2011-10-11 11:01:37+00:00
173760,22,W_Validerenaanvraag,2011-10-14 15:17:11+00:00,2011-10-11 11:01:39+00:00
173760,23,A_APPROVED,2011-10-14 15:41:03+00:00,2011-10-14 15:17:11+00:00
173760,24,A_ACTIVATED,2011-10-14 15:41:03+00:00,2011-10-14 15:41:03+00:00
173760,25,A_REGISTERED,2011-10-14 15:41:03+00:00,2011-10-14 15:41:03+00:00
173760,26,O_ACCEPTED,2011-10-14 15:41:03+00:00,2011-10-14 15:41:03+00:00
173760,27,W_Validerenaanvraag,2011-10-14 15:41:11+00:00,2011-10-14 15:41:03+00:00
173760,28,END,2011-10-14 15:41:12+00:00,2011-10-14 15:41:11+00:00
173763,1,START,2011-10-01 16:09:21+00:00,2011-10-01 16:09:21+00:00
173763,2,A_SUBMITTED,2011-10-01 16:09:22+00:00,2011-10-01 16:09:21+00:00
173763,3,A_PARTLYSUBMITTED,2011-10-01 16:09:23+00:00,2011-10-01 16:09:22+00:00
173763,4,W_Afhandelenleads,2011-10-01 16:09:35+00:00,2011-10-01 16:09:23+00:00
173763,5,W_Afhandelenleads,2011-10-01 16:36:40+00:00,2011-10-01 16:09:35+00:00
173763,6,A_DECLINED,2011-10-01 16:38:40+00:00,2011-10-01 16:36:40+00:00
173763,7,W_Afhandelenleads,2011-10-01 16:38:43+00:00,2011-10-01 16:38:40+00:00
173763,8,END,2011-10-01 16:38:44+00:00,2011-10-01 16:38:43+00:00
173766,1,START,2011-10-01 16:12:01+00:00,2011-10-01 16:12:01+00:00
173766,2,A_SUBMITTED,2011-10-01 16:12:02+00:00,2011-10-01 16:12:01+00:00
173766,3,A_PARTLYSUBMITTED,2011-10-01 16:12:02+00:00,2011-10-01 16:12:02+00:00
173766,4,A_PREACCEPTED,2011-10-01 16:12:45+00:00,2011-10-01 16:12:02+00:00
173766,5,W_Completerenaanvraag,2011-10-01 16:12:45+00:00,2011-10-01 16:12:45+00:00
173766,6,W_Completerenaanvraag,2011-10-01 16:21:09+00:00,2011-10-01 16:12:45+00:00
173766,7,W_Completerenaanvraag,2011-10-01 16:45:56+00:00,2011-10-01 16:21:09+00:00
173766,8,W_Completerenaanvraag,2011-10-01 16:46:57+00:00,2011-10-01 16:45:56+00:00
173766,9,W_Completerenaanvraag,2011-10-01 16:48:23+00:00,2011-10-01 16:46:57+00:00
173766,10,W_Completerenaanvraag,2011-10-03 13:46:24+00:00,2011-10-01 16:48:23+00:00
173766,11,W_Completerenaanvraag,2011-10-03 13:48:25+00:00,2011-10-03 13:46:24+00:00
173766,12,W_Completerenaanvraag,2011-10-04 09:32:04+00:00,2011-10-03 13:48:25+00:00
173766,13,W_Completerenaanvraag,2011-10-04 09:34:40+00:00,2011-10-04 09:32:04+00:00
173766,14,W_Completerenaanvraag,2011-10-04 13:01:52+00:00,2011-10-04 09:34:40+00:00
173766,15,W_Completerenaanvraag,2011-10-04 13:11:09+00:00,2011-10-04 13:01:52+00:00
173766,16,W_Completerenaanvraag,2011-10-04 17:12:49+00:00,2011-10-04 13:11:09+00:00
173766,17,W_Completerenaanvraag,2011-10-04 17:17:33+00:00,2011-10-04 17:12:49+00:00
173766,18,W_Completerenaanvraag,2011-10-05 09:19:46+00:00,2011-10-04 17:17:33+00:00
173766,19,W_Completerenaanvraag,2011-10-05 09:20:40+00:00,2011-10-05 09:19:46+00:00
173766,20,W_Completerenaanvraag,2011-10-05 10:42:42+00:00,2011-10-05 09:20:40+00:00
173766,21,W_Completerenaanvraag,2011-10-05 10:42:52+00:00,2011-10-05 10:42:42+00:00
173766,22,W_Completerenaanvraag,2011-10-05 14:01:11+00:00,2011-10-05 10:42:52+00:00
173766,23,W_Completerenaanvraag,2011-10-05 14:05:43+00:00,2011-10-05 14:01:11+00:00
173766,24,W_Completerenaanvraag,2011-10-05 18:47:16+00:00,2011-10-05 14:05:43+00:00
173766,25,W_Completerenaanvraag,2011-10-05 18:50:58+00:00,2011-10-05 18:47:16+00:00
173766,26,W_Completerenaanvraag,2011-10-06 09:58:04+00:00,2011-10-05 18:50:58+00:00
173766,27,W_Completerenaanvraag,2011-10-06 09:58:22+00:00,2011-10-06 09:58:04+00:00
173766,28,W_Completerenaanvraag,2011-10-06 20:50:04+00:00,2011-10-06 09:58:22+00:00
173766,29,A_CANCELLED,2011-10-06 20:52:10+00:00,2011-10-06 20:50:04+00:00
173766,30,W_Completerenaanvraag,2011-10-06 20:52:12+00:00,2011-10-06 20:52:10+00:00
173766,31,END,2011-10-06 20:52:13+00:00,2011-10-06 20:52:12+00:00
173769,1,START,2011-10-01 16:34:45+00:00,2011-10-01 16:34:45+00:00
173769,2,A_SUBMITTED,2011-10-01 16:34:46+00:00,2011-10-01 16:34:45+00:00
173769,3,A_PARTLYSUBMITTED,2011-10-01 16:34:46+00:00,2011-10-01 16:34:46+00:00
173769,4,A_DECLINED,2011-10-01 16:35:23+00:00,2011-10-01 16:34:46+00:00
173769,5,END,2011-10-01 16:35:24+00:00,2011-10-01 16:35:23+00:00
173772,1,START,2011-10-01 16:39:54+00:00,2011-10-01 16:39:54+00:00
173772,2,A_SUBMITTED,2011-10-01 16:39:55+00:00,2011-10-01 16:39:54+00:00
173772,3,A_PARTLYSUBMITTED,2011-10-01 16:39:55+00:00,2011-10-01 16:39:55+00:00
173772,4,A_DECLINED,2011-10-01 16:40:31+00:00,2011-10-01 16:39:55+00:00
173772,5,END,2011-10-01 16:40:32+00:00,2011-10-01 16:40:31+00:00
173775,1,START,2011-10-01 16:58:59+00:00,2011-10-01 16:58:59+00:00
173775,2,A_SUBMITTED,2011-10-01 16:59:00+00:00,2011-10-01 16:58:59+00:00
173775,3,A_PARTLYSUBMITTED,2011-10-01 16:59:00+00:00,2011-10-01 16:59:00+00:00
173775,4,A_PREACCEPTED,2011-10-01 16:59:31+00:00,2011-10-01 16:59:00+00:00
173775,5,W_Completerenaanvraag,2011-10-01 16:59:32+00:00,2011-10-01 16:59:31+00:00
173775,6,W_Completerenaanvraag,2011-10-03 09:06:56+00:00,2011-10-01 16:59:32+00:00
173775,7,W_Completerenaanvraag,2011-10-03 09:20:05+00:00,2011-10-03 09:06:56+00:00
173775,8,W_Completerenaanvraag,2011-10-03 10:33:48+00:00,2011-10-03 09:20:05+00:00
173775,9,A_DECLINED,2011-10-03 10:38:00+00:00,2011-10-03 10:33:48+00:00
173775,10,W_Completerenaanvraag,2011-10-03 10:38:04+00:00,2011-10-03 10:38:00+00:00
173775,11,END,2011-10-03 10:38:05+00:00,2011-10-03 10:38:04+00:00
173778,1,START,2011-10-01 17:49:30+00:00,2011-10-01 17:49:30+00:00
173778,2,A_SUBMITTED,2011-10-01 17:49:31+00:00,2011-10-01 17:49:30+00:00
173778,3,A_PARTLYSUBMITTED,2011-10-01 17:49:31+00:00,2011-10-01 17:49:31+00:00
173778,4,W_Afhandelenleads,2011-10-01 17:50:11+00:00,2011-10-01 17:49:31+00:00
173778,5,W_Afhandelenleads,2011-10-03 08:59:16+00:00,2011-10-01 17:50:11+00:00
173778,6,A_DECLINED,2011-10-03 09:04:53+00:00,2011-10-03 08:59:16+00:00
173778,7,W_Afhandelenleads,2011-10-03 09:04:57+00:00,2011-10-03 09:04:53+00:00
173778,8,END,2011-10-03 09:04:58+00:00,2011-10-03 09:04:57+00:00
173781,1,START,2011-10-01 18:10:33+00:00,2011-10-01 18:10:33+00:00
173781,2,A_SUBMITTED,2011-10-01 18:10:34+00:00,2011-10-01 18:10:33+00:00
173781,3,A_PARTLYSUBMITTED,2011-10-01 18:10:34+00:00,2011-10-01 18:10:34+00:00
173781,4,A_PREACCEPTED,2011-10-01 18:11:13+00:00,2011-10-01 18:10:34+00:00
173781,5,W_Completerenaanvraag,2011-10-01 18:11:14+00:00,2011-10-01 18:11:13+00:00
173781,6,W_Completerenaanvraag,2011-10-03 09:14:50+00:00,2011-10-01 18:11:14+00:00
173781,7,A_DECLINED,2011-10-03 09:24:47+00:00,2011-10-03 09:14:50+00:00
173781,8,W_Completerenaanvraag,2011-10-03 09:25:12+00:00,2011-10-03 09:24:47+00:00
173781,9,END,2011-10-03 09:25:13+00:00,2011-10-03 09:25:12+00:00
